,企业代号,month,价税合计,大单交易额,大单交易额增长率,退款总额,退款总额增长率,退款大单交易额（不用）,数量
1,E1,2,294943901.4,294809376,2.291288588,-40000,1787.47095,0,52
2,E1,3,675613805.8,675493359,0.62079316,-71498838,0.002884606,-71498838,55
3,E1,4,419551982.3,419341657.2,0.937237176,-206246,0,-205920,54
4,E1,5,393196551.1,393022590.5,1.772724487,0,#DIV/0!,0,57
5,E1,6,696974057.2,696720770,0.568398038,0,#DIV/0!,0,47
6,E1,7,397683120.1,396014719,1.317615089,-30062829.05,2.328466156,-30000000,69
7,E1,8,523517794.3,521794969.2,1.298829634,-70000280,1.285723429,-70000000,80
8,E1,9,679600669.1,677722769,1.085129992,-90001000,0.888879012,-90000000,104
9,E1,10,737782016.8,735417303,0.983598812,-80000000,1.5,-80000000,100
10,E1,11,724869191.8,723355585.4,1.033032176,-120000000,0.685571775,-120000000,65
11,E1,12,750305328,747249594.5,0,-82268613,0.00040307,-82251333,76
12,E10,1,464300.29,0,#DIV/0!,-33160,0,0,107
13,E10,2,254247.9,0,#DIV/0!,0,#DIV/0!,0,92
14,E10,3,404603.46,0,#DIV/0!,-4536,12.51514771,0,128
15,E10,4,342996.64,0,#DIV/0!,-56768.71,0.006411983,0,143
16,E10,5,349603.22,0,#DIV/0!,-364,15.5267033,0,138
17,E10,6,667496.72,0,#DIV/0!,-5651.72,0.141387047,0,121
18,E10,7,529571.24,0,#DIV/0!,-799.08,13.55431246,0,156
19,E10,8,568370.52,0,#DIV/0!,-10830.98,0,0,163
20,E10,9,587754.74,0,#DIV/0!,0,#DIV/0!,0,186
21,E10,10,404868.66,0,#DIV/0!,-34844.72,0.852342909,0,202
22,E10,11,613477.93,0,#DIV/0!,-29699.65,0,0,184
23,E10,12,230670.32,0,#DIV/0!,0,#DIV/0!,0,112
24,E100,1,2733,0,#DIV/0!,0,#DIV/0!,0,6
25,E100,2,2306,0,#DIV/0!,0,#DIV/0!,0,5
26,E100,3,395,0,#DIV/0!,0,#DIV/0!,0,2
27,E100,4,1657,0,#DIV/0!,0,#DIV/0!,0,3
28,E100,5,2412.02,0,#DIV/0!,0,#DIV/0!,0,6
29,E100,6,3189,0,#DIV/0!,0,#DIV/0!,0,4
30,E100,7,763,0,#DIV/0!,0,#DIV/0!,0,1
31,E100,8,5972,0,#DIV/0!,0,#DIV/0!,0,2
32,E100,9,130,0,#DIV/0!,0,#DIV/0!,0,1
33,E100,10,937,0,#DIV/0!,0,#DIV/0!,0,3
34,E100,11,659,0,#DIV/0!,0,#DIV/0!,0,3
35,E100,12,2170,0,#DIV/0!,0,#DIV/0!,0,6
36,E101,1,216,0,#DIV/0!,0,#DIV/0!,0,1
37,E101,3,468,0,#DIV/0!,0,#DIV/0!,0,2
38,E101,4,506,0,#DIV/0!,0,#DIV/0!,0,1
39,E101,5,720,0,#DIV/0!,0,#DIV/0!,0,1
40,E101,6,9088,0,#DIV/0!,0,#DIV/0!,0,1
41,E101,7,41145,0,#DIV/0!,0,#DIV/0!,0,3
42,E101,8,280,0,#DIV/0!,0,#DIV/0!,0,1
43,E101,10,503,0,#DIV/0!,0,#DIV/0!,0,1
44,E101,12,232,0,#DIV/0!,0,#DIV/0!,0,1
45,E102,1,276357.59,0,#DIV/0!,-990,0,0,28
46,E102,2,418943.33,0,#DIV/0!,0,#DIV/0!,0,18
47,E102,3,287916.86,0,#DIV/0!,0,#DIV/0!,0,21
48,E102,4,403324.65,0,#DIV/0!,0,#DIV/0!,0,24
49,E102,5,237448.07,0,#DIV/0!,0,#DIV/0!,0,26
50,E102,6,265065.05,0,#DIV/0!,0,#DIV/0!,0,28
51,E102,7,341275.58,0,#DIV/0!,0,#DIV/0!,0,29
52,E102,8,266275.76,0,#DIV/0!,-40,25.2,0,21
53,E102,9,258044.28,0,#DIV/0!,-1008,0,0,28
54,E102,10,239131.32,0,#DIV/0!,0,#DIV/0!,0,24
55,E102,11,330098.79,0,#DIV/0!,-2163.5,8.265283106,0,27
56,E102,12,334435.8,0,#DIV/0!,-17881.94,0,0,34
57,E103,1,121961.04,0,#DIV/0!,0,#DIV/0!,0,16
58,E103,2,2824,0,#DIV/0!,0,#DIV/0!,0,4
59,E103,3,19803,0,#DIV/0!,0,#DIV/0!,0,9
60,E103,4,18651.52,0,#DIV/0!,0,#DIV/0!,0,9
61,E103,5,5971.9,0,#DIV/0!,0,#DIV/0!,0,6
62,E103,6,22054.09,0,#DIV/0!,0,#DIV/0!,0,7
63,E103,7,122839,0,#DIV/0!,0,#DIV/0!,0,12
64,E103,8,14643.93,0,#DIV/0!,0,#DIV/0!,0,17
65,E103,9,16700.98,0,#DIV/0!,0,#DIV/0!,0,6
66,E103,10,34197.5,0,#DIV/0!,0,#DIV/0!,0,9
67,E103,11,34601.95,0,#DIV/0!,0,#DIV/0!,0,9
68,E103,12,324016.7,203831.5,0,0,#DIV/0!,0,12
69,E104,6,280,0,#DIV/0!,0,#DIV/0!,0,1
70,E105,1,3960,0,#DIV/0!,0,#DIV/0!,0,2
71,E105,6,560,0,#DIV/0!,0,#DIV/0!,0,1
72,E105,12,3960,0,#DIV/0!,0,#DIV/0!,0,2
73,E106,1,906,0,#DIV/0!,0,#DIV/0!,0,2
74,E106,2,515,0,#DIV/0!,0,#DIV/0!,0,2
75,E106,3,108,0,#DIV/0!,0,#DIV/0!,0,1
76,E106,4,11988,0,#DIV/0!,0,#DIV/0!,0,3
77,E106,5,252.7,0,#DIV/0!,0,#DIV/0!,0,3
78,E106,7,17212.4,0,#DIV/0!,0,#DIV/0!,0,5
79,E106,8,12364,0,#DIV/0!,0,#DIV/0!,0,3
80,E106,10,5260,0,#DIV/0!,0,#DIV/0!,0,2
81,E106,11,2829,0,#DIV/0!,0,#DIV/0!,0,3
82,E106,12,1026,0,#DIV/0!,0,#DIV/0!,0,4
83,E107,2,20479,0,#DIV/0!,0,#DIV/0!,0,3
84,E107,5,71232,0,#DIV/0!,0,#DIV/0!,0,1
85,E107,7,18359,0,#DIV/0!,0,#DIV/0!,0,2
86,E107,11,280,0,#DIV/0!,0,#DIV/0!,0,1
87,E107,12,560,0,#DIV/0!,0,#DIV/0!,0,2
88,E108,1,34626.96,0,#DIV/0!,-200,0,0,13
89,E108,2,1815.19,0,#DIV/0!,0,#DIV/0!,0,6
90,E108,3,4701.93,0,#DIV/0!,0,#DIV/0!,0,13
91,E108,4,8199.59,0,#DIV/0!,0,#DIV/0!,0,11
92,E108,5,15147.97,0,#DIV/0!,-202.53,0,0,10
93,E108,6,7089.17,0,#DIV/0!,0,#DIV/0!,0,14
94,E108,7,8071.03,0,#DIV/0!,0,#DIV/0!,0,14
95,E108,8,2724.51,0,#DIV/0!,0,#DIV/0!,0,12
96,E108,9,3840.5,0,#DIV/0!,-100,0,0,9
97,E108,10,2700.81,0,#DIV/0!,0,#DIV/0!,0,11
98,E108,11,10391.39,0,#DIV/0!,0,#DIV/0!,0,13
99,E108,12,6913.9,0,#DIV/0!,0,#DIV/0!,0,12
100,E109,1,1278,0,#DIV/0!,0,#DIV/0!,0,3
101,E109,2,160,0,#DIV/0!,0,#DIV/0!,0,1
102,E109,5,280,0,#DIV/0!,0,#DIV/0!,0,1
103,E109,6,248,0,#DIV/0!,0,#DIV/0!,0,1
104,E109,10,617,0,#DIV/0!,0,#DIV/0!,0,2
105,E109,11,300,0,#DIV/0!,0,#DIV/0!,0,1
106,E109,12,488,0,#DIV/0!,0,#DIV/0!,0,1
107,E11,1,16977628.89,9124706.15,0.127061626,-99211.3,0,0,134
108,E11,2,2219905.77,1159400,4.638772641,0,#DIV/0!,0,48
109,E11,3,8306045.61,5378193,1.573953642,0,#DIV/0!,0,52
110,E11,4,13079258.08,8465026.46,1.125736254,0,#DIV/0!,0,62
111,E11,5,15148280.96,9529387.18,0.174240945,0,#DIV/0!,0,56
112,E11,6,6690587.06,1660409.43,3.817424435,-112856.61,0,-111168.64,42
113,E11,7,16832262.91,6338487.53,0.682466071,0,#DIV/0!,0,72
114,E11,8,8385518.03,4325802.68,1.1289382,-12160,9.416628289,0,69
115,E11,9,15932758.38,4883563.89,0.462967458,-114506.2,0.525336619,-106206.2,88
116,E11,10,9404490.15,2260931.16,2.394850266,-60154.3,1.492162655,0,92
117,E11,11,13275782.14,5414591.59,0.715872404,-89760,0,0,112
118,E11,12,17959430.1,3876156.7,0,0,#DIV/0!,0,99
119,E110,11,760,0,#DIV/0!,0,#DIV/0!,0,1
120,E110,12,280,0,#DIV/0!,0,#DIV/0!,0,1
121,E111,1,38488.05,0,#DIV/0!,0,#DIV/0!,0,25
122,E111,2,16015.44,0,#DIV/0!,0,#DIV/0!,0,8
123,E111,3,16565.28,0,#DIV/0!,0,#DIV/0!,0,7
124,E111,4,27853.35,0,#DIV/0!,0,#DIV/0!,0,17
125,E111,5,40121.12,0,#DIV/0!,0,#DIV/0!,0,17
126,E111,6,70479.57,0,#DIV/0!,0,#DIV/0!,0,21
127,E111,7,211266.22,107250,0,0,#DIV/0!,0,18
128,E111,8,35697.62,0,#DIV/0!,0,#DIV/0!,0,16
129,E111,9,48492.43,0,#DIV/0!,0,#DIV/0!,0,13
130,E111,10,70522.13,0,#DIV/0!,0,#DIV/0!,0,15
131,E111,11,-108916.66,0,#DIV/0!,-300000,0,0,11
132,E111,12,62689.46,0,#DIV/0!,0,#DIV/0!,0,22
133,E112,1,86383,0,#DIV/0!,0,#DIV/0!,0,5
134,E112,2,32737,0,#DIV/0!,0,#DIV/0!,0,2
135,E112,3,45178.6,0,#DIV/0!,0,#DIV/0!,0,5
136,E112,4,105461.77,0,#DIV/0!,0,#DIV/0!,0,9
137,E112,5,82306,0,#DIV/0!,-4680,0,0,6
138,E112,6,24420.12,0,#DIV/0!,0,#DIV/0!,0,5
139,E112,7,133756.5,0,#DIV/0!,0,#DIV/0!,0,5
140,E112,8,35495,0,#DIV/0!,0,#DIV/0!,0,5
141,E112,9,82964.38,0,#DIV/0!,-2470,0,0,4
142,E112,10,161792.92,0,#DIV/0!,0,#DIV/0!,0,7
143,E112,11,64445.5,0,#DIV/0!,0,#DIV/0!,0,5
144,E112,12,65305.1,0,#DIV/0!,0,#DIV/0!,0,4
145,E113,1,178915.92,0,#DIV/0!,0,#DIV/0!,0,7
146,E113,2,4925.1,0,#DIV/0!,0,#DIV/0!,0,6
147,E113,3,1857.1,0,#DIV/0!,0,#DIV/0!,0,4
148,E113,4,2663.1,0,#DIV/0!,0,#DIV/0!,0,7
149,E113,5,919684.1,0,#DIV/0!,0,#DIV/0!,0,8
150,E113,6,1216.1,0,#DIV/0!,0,#DIV/0!,0,4
151,E113,7,14773.2,0,#DIV/0!,0,#DIV/0!,0,5
152,E113,8,30079.2,0,#DIV/0!,0,#DIV/0!,0,7
153,E113,9,40782.27,0,#DIV/0!,0,#DIV/0!,0,2
154,E113,10,9091.1,0,#DIV/0!,0,#DIV/0!,0,5
155,E113,11,14423.1,0,#DIV/0!,0,#DIV/0!,0,8
156,E113,12,139170.44,137400,0,0,#DIV/0!,0,7
157,E114,1,9714,0,#DIV/0!,0,#DIV/0!,0,3
158,E114,2,148065,0,#DIV/0!,0,#DIV/0!,0,4
159,E114,3,312,0,#DIV/0!,0,#DIV/0!,0,1
160,E114,4,42700,0,#DIV/0!,0,#DIV/0!,0,3
161,E114,5,2500,0,#DIV/0!,0,#DIV/0!,0,2
162,E114,6,56076,0,#DIV/0!,0,#DIV/0!,0,3
163,E114,7,118164,0,#DIV/0!,0,#DIV/0!,0,6
164,E114,8,11671,0,#DIV/0!,0,#DIV/0!,0,4
165,E114,9,4285,0,#DIV/0!,0,#DIV/0!,0,2
166,E114,10,47400,0,#DIV/0!,0,#DIV/0!,0,2
167,E114,11,51870,0,#DIV/0!,0,#DIV/0!,0,5
168,E114,12,151560,0,#DIV/0!,0,#DIV/0!,0,7
169,E115,10,280,0,#DIV/0!,0,#DIV/0!,0,1
170,E115,12,280,0,#DIV/0!,0,#DIV/0!,0,1
171,E116,1,469,0,#DIV/0!,0,#DIV/0!,0,1
172,E116,3,676.25,0,#DIV/0!,0,#DIV/0!,0,2
173,E116,8,204,0,#DIV/0!,0,#DIV/0!,0,1
174,E116,10,339,0,#DIV/0!,0,#DIV/0!,0,2
175,E116,11,558,0,#DIV/0!,0,#DIV/0!,0,1
176,E116,12,560,0,#DIV/0!,0,#DIV/0!,0,2
177,E117,2,3800,0,#DIV/0!,0,#DIV/0!,0,1
178,E117,6,1200,0,#DIV/0!,0,#DIV/0!,0,1
179,E117,7,330,0,#DIV/0!,0,#DIV/0!,0,1
180,E117,11,1790,0,#DIV/0!,0,#DIV/0!,0,1
181,E118,1,3120,0,#DIV/0!,0,#DIV/0!,0,1
182,E118,2,280,0,#DIV/0!,0,#DIV/0!,0,1
183,E118,3,14419,0,#DIV/0!,0,#DIV/0!,0,3
184,E118,4,1596,0,#DIV/0!,0,#DIV/0!,0,1
185,E118,5,34677,0,#DIV/0!,0,#DIV/0!,0,2
186,E118,6,2247,0,#DIV/0!,0,#DIV/0!,0,2
187,E118,7,2512,0,#DIV/0!,0,#DIV/0!,0,3
188,E118,8,2015.79,0,#DIV/0!,0,#DIV/0!,0,2
189,E118,9,1819,0,#DIV/0!,0,#DIV/0!,0,1
190,E118,10,1610,0,#DIV/0!,0,#DIV/0!,0,1
191,E118,11,1032,0,#DIV/0!,0,#DIV/0!,0,1
192,E118,12,2385,0,#DIV/0!,0,#DIV/0!,0,1
193,E119,1,15390.57,0,#DIV/0!,0,#DIV/0!,0,6
194,E119,2,14676.74,0,#DIV/0!,0,#DIV/0!,0,4
195,E119,3,21552.33,0,#DIV/0!,0,#DIV/0!,0,4
196,E119,4,33121.24,0,#DIV/0!,0,#DIV/0!,0,7
197,E119,5,12644.15,0,#DIV/0!,0,#DIV/0!,0,4
198,E119,6,8053.6,0,#DIV/0!,0,#DIV/0!,0,5
199,E119,7,25934.19,0,#DIV/0!,-39,0,0,6
200,E119,8,20684.88,0,#DIV/0!,0,#DIV/0!,0,8
201,E119,9,28683.52,0,#DIV/0!,0,#DIV/0!,0,8
202,E119,10,23024.46,0,#DIV/0!,0,#DIV/0!,0,5
203,E119,11,8682.17,0,#DIV/0!,0,#DIV/0!,0,7
204,E119,12,37286.98,0,#DIV/0!,0,#DIV/0!,0,7
205,E12,1,11623480.01,10904334.2,0.856443147,-1369,0,0,85
206,E12,2,9709615.76,9338942.3,0.660188257,0,#DIV/0!,0,50
207,E12,3,6762461.27,6165460.04,0.735492075,0,#DIV/0!,0,61
208,E12,4,4839979.64,4534647,1.160846566,-8260,0.324455206,0,63
209,E12,5,8199148.18,5264029.4,0.727167766,-2680,0,0,68
210,E12,6,5587960.77,3827832.5,0.382736852,0,#DIV/0!,0,79
211,E12,7,2917762.67,1465052.56,7.651110688,-152324,0.019012106,0,81
212,E12,8,14196999.15,11209279.3,0.349671633,-2896,0,0,53
213,E12,9,5310415.44,3919567,0.191347667,0,#DIV/0!,0,57
214,E12,10,1687570.83,750000,6.949686667,0,#DIV/0!,0,64
215,E12,11,6647265.57,5212265,3.231512692,0,#DIV/0!,0,66
216,E12,12,17964353.41,16843500.5,0,-99021.13,0,0,77
217,E120,1,652,0,#DIV/0!,0,#DIV/0!,0,3
218,E120,2,1999.9,0,#DIV/0!,0,#DIV/0!,0,3
219,E120,3,200,0,#DIV/0!,0,#DIV/0!,0,1
220,E120,5,11248,0,#DIV/0!,0,#DIV/0!,0,4
221,E120,6,1510,0,#DIV/0!,0,#DIV/0!,0,4
222,E120,7,600,0,#DIV/0!,0,#DIV/0!,0,2
223,E120,9,630,0,#DIV/0!,0,#DIV/0!,0,1
224,E120,12,2606.44,0,#DIV/0!,0,#DIV/0!,0,6
225,E121,1,125684.46,0,#DIV/0!,0,#DIV/0!,0,2
226,E121,2,125002.99,0,#DIV/0!,0,#DIV/0!,0,1
227,E121,3,134597.52,0,#DIV/0!,0,#DIV/0!,0,2
228,E121,4,134719.14,0,#DIV/0!,0,#DIV/0!,0,4
229,E121,5,135530.43,0,#DIV/0!,-2400,0,0,5
230,E121,6,108360.5,0,#DIV/0!,0,#DIV/0!,0,3
231,E121,7,106952.22,0,#DIV/0!,0,#DIV/0!,0,3
232,E121,8,60902.96,0,#DIV/0!,0,#DIV/0!,0,3
233,E121,9,65736.97,0,#DIV/0!,0,#DIV/0!,0,4
234,E121,10,108031.7,0,#DIV/0!,0,#DIV/0!,0,3
235,E121,11,83839.05,0,#DIV/0!,0,#DIV/0!,0,1
236,E121,12,61761.94,0,#DIV/0!,0,#DIV/0!,0,2
237,E122,1,3197,0,#DIV/0!,0,#DIV/0!,0,4
238,E122,2,4597,0,#DIV/0!,-5588,0,0,7
239,E122,3,24376.26,0,#DIV/0!,0,#DIV/0!,0,7
240,E122,4,1458,0,#DIV/0!,0,#DIV/0!,0,3
241,E122,5,1344,0,#DIV/0!,0,#DIV/0!,0,3
242,E122,6,791,0,#DIV/0!,0,#DIV/0!,0,3
243,E122,7,13,0,#DIV/0!,0,#DIV/0!,0,1
244,E122,8,5333,0,#DIV/0!,0,#DIV/0!,0,5
245,E122,9,2252,0,#DIV/0!,0,#DIV/0!,0,4
246,E122,10,1392,0,#DIV/0!,0,#DIV/0!,0,1
247,E122,11,4874,0,#DIV/0!,0,#DIV/0!,0,1
248,E122,12,4119,0,#DIV/0!,0,#DIV/0!,0,1
249,E123,12,840,0,#DIV/0!,0,#DIV/0!,0,2
250,E13,1,10827666.95,3265841.7,0.715164284,-61152.77,6.70452E-05,0,192
251,E13,2,8949207.37,2335613.34,0.612532895,-4.1,0,0,157
252,E13,3,5560604,1430640,2.930875091,0,#DIV/0!,0,174
253,E13,4,8977777.35,4193027.14,0.409430214,-2895.13,0.256040316,0,177
254,E13,5,7272193.52,1716752,2.328993104,-741.27,253.98396,0,174
255,E13,6,10269302.57,3998303.57,0.774735133,-188270.69,0.110766684,0,155
256,E13,7,7709457.74,3097626.25,0.857551546,-20854.12,1.612144267,0,193
257,E13,8,8777806.48,2656374.18,0.67676189,-33619.85,0.588402387,0,193
258,E13,9,7752451.38,1797732.81,1.676984023,-19782,4.132644829,0,194
259,E13,10,8329483.8,3014769.2,0.769628846,-81751.98,0.154589406,0,160
260,E13,11,8198702.46,2320253.34,1.030456722,-12637.99,0,0,163
261,E13,12,11003849.35,2390920.65,0.597981861,0,#DIV/0!,0,171
262,E14,1,7596997.52,1429727.18,0.919252301,-727755.47,0.114963712,-424031.6,204
263,E14,2,4056141.68,1314280,2.979097772,-83665.47,1.007832383,0,152
264,E14,3,10226110.78,3915368.62,0.166583207,-84320.77,1.476408719,0,185
265,E14,4,5826802.66,652234.66,3.398317563,-124491.92,3.742455575,0,208
266,E14,5,7519322.5,2216500.5,0.451483359,-465905.48,0.652724454,-115470,188
267,E14,6,6225618.14,1000713.09,2.668031953,-304107.9,1.212004522,-107279.93,208
268,E14,7,8393498.87,2669934.5,1.286813485,-368580.15,0.214916484,0,191
269,E14,8,9471116.43,3435707.72,1.132751583,-79213.95,0.458162735,0,194
270,E14,9,9173639.69,3891803.36,0.240956591,-36292.88,1.076239196,0,192
271,E14,10,6479530.48,937755.67,7.949531598,-39059.82,3.192263815,0,235
272,E14,11,14138135.22,7454718.33,3.874751883,-124689.25,0.63525332,-101187.5,204
273,E14,12,35996756.27,28885183.89,0.027630844,-79209.26,0,0,204
274,E15,1,1035822,798122,0,0,#DIV/0!,0,5
275,E15,3,329,0,#DIV/0!,0,#DIV/0!,0,2
276,E15,4,781417.99,650000,0,0,#DIV/0!,0,8
277,E15,5,266996.4,0,#DIV/0!,0,#DIV/0!,0,10
278,E15,6,390498.05,0,#DIV/0!,0,#DIV/0!,0,6
279,E15,7,794889,224454,0,0,#DIV/0!,0,6
280,E15,8,44978,0,#DIV/0!,0,#DIV/0!,0,2
281,E15,9,654114,0,#DIV/0!,0,#DIV/0!,0,6
282,E15,10,4551,0,#DIV/0!,0,#DIV/0!,0,4
283,E15,11,176672,126672,0.801282051,0,#DIV/0!,0,2
284,E15,12,653677,101500,0,0,#DIV/0!,0,6
285,E16,1,8493.8,0,#DIV/0!,0,#DIV/0!,0,5
286,E16,2,7525.87,0,#DIV/0!,0,#DIV/0!,0,5
287,E16,3,10111.9,0,#DIV/0!,0,#DIV/0!,0,7
288,E16,4,22920.02,0,#DIV/0!,0,#DIV/0!,0,17
289,E16,5,22542.49,0,#DIV/0!,0,#DIV/0!,0,18
290,E16,6,82110.07,0,#DIV/0!,0,#DIV/0!,0,17
291,E16,7,23788.39,0,#DIV/0!,-20500,0,0,16
292,E16,8,16821.32,0,#DIV/0!,0,#DIV/0!,0,13
293,E16,9,33988.31,0,#DIV/0!,0,#DIV/0!,0,17
294,E16,10,7741.44,0,#DIV/0!,0,#DIV/0!,0,7
295,E16,11,14332.91,0,#DIV/0!,0,#DIV/0!,0,9
296,E16,12,42371.9,0,#DIV/0!,0,#DIV/0!,0,16
297,E17,1,18064098.03,6468064.28,0.106705331,-64920,0,0,181
298,E17,2,5875802.5,690176.94,4.569398783,0,#DIV/0!,0,87
299,E17,3,8905549.71,3153693.67,1.32592233,-24764,3.048780488,0,136
300,E17,4,12514373.15,4181552.86,0.993412603,-75500,4.033211921,0,172
301,E17,5,10809441.61,4154007.31,0.950049893,-304507.5,4.626873558,-142500,167
302,E17,6,13196578.34,3946514.2,1.016325744,-1408917.7,0.225703602,-1360701.2,192
303,E17,7,16929491.21,4010943.98,0.970972305,-317997.8,0.123565477,0,211
304,E17,8,13446580.43,3894515.52,0.660804672,-39293.55,26.52576772,0,185
305,E17,9,12640548.08,2573514.05,2.266487199,-1042291.58,0.04487228,-824547.23,197
306,E17,10,14987344.23,5832836.65,0.372004687,-46770,2.031185803,0,193
307,E17,11,7249066.61,2169842.57,1.159152224,-94998.56,0.185265966,0,119
308,E17,12,8163145.29,2515177.84,4.689997086,-17600,4.872498295,0,134
309,E18,1,20619911.29,11796176.74,-0.012008732,-85755.97,12.72646091,0,137
310,E18,2,2429447.45,-141657.12,-33.88206636,-1091370,0.006617004,-895000,67
311,E18,3,8516809.4,4799635.94,0.337878318,-7221.6,26.04477955,0,109
312,E18,4,4927793.36,1621692.92,1.87970976,-188084.98,0.095701422,0,78
313,E18,5,7471798.94,3048312.01,1.1372071,-18000,5.555555556,0,101
314,E18,6,10253687.98,3466562.06,1.279366581,-100000,0,0,99
315,E18,7,10021379.13,4435003.65,0.41522578,0,#DIV/0!,0,111
316,E18,8,5937018.37,1841527.85,3.555805442,-1567.3,0,0,97
317,E18,9,16709484.38,6548114.75,0.321400553,0,#DIV/0!,0,125
318,E18,10,6005350.72,2104567.7,0.480976269,-7872,1.309382622,0,116
319,E18,11,6445536.33,1012247.12,23.43256662,-10307.46,13.34664408,0,115
320,E18,12,38414619.86,23719548.08,0.585980132,-137570,1.160209348,0,160
321,E19,1,18315107.51,13899183.91,0.404088086,-159610,0.03759163,0,38
322,E19,2,6568794.32,5616494.62,3.190890536,-6000,0,0,16
323,E19,3,20395459.43,17921619.53,0.889987136,0,#DIV/0!,0,33
324,E19,4,19311567.4,15950010.83,0.836494094,0,#DIV/0!,0,28
325,E19,5,14461902.98,13342089.86,1.078522572,0,#DIV/0!,0,33
326,E19,6,15742363.28,14389745.07,0.979251866,0,#DIV/0!,0,26
327,E19,7,15108023.46,14091184.71,1.059680039,0,#DIV/0!,0,34
328,E19,8,17102442.59,14932147.16,1.17210135,0,#DIV/0!,0,40
329,E19,9,18470648.3,17501989.84,1.063357538,0,#DIV/0!,0,36
330,E19,10,21156694.61,18610872.83,0.836575717,0,#DIV/0!,0,38
331,E19,11,18761330.5,15569404.28,1.368479681,0,#DIV/0!,0,37
332,E19,12,26746222.92,21306413.4,0.257553296,0,#DIV/0!,0,40
333,E2,1,29641086.53,5487537,0.248719052,-95636.93,4.545748593,0,891
334,E2,2,5341370.76,1364855,3.205928249,-434741.44,0.159849036,0,525
335,E2,3,11362340.16,4375627.2,0.271115419,-69493,0.610824112,0,682
336,E2,4,9350522.34,1186300,2.555702605,-42448,0.20952483,0,686
337,E2,5,8620073.7,3031830,0.33109991,-8893.91,11.77202153,0,650
338,E2,6,6926985.02,1003838.64,2.666435813,-104699.3,0.420646174,0,647
339,E2,7,9981608.84,2676671.3,0.236289753,-44041.36,0.21444138,0,767
340,E2,8,10489744.8,632470,1.962662656,-9444.29,1.118734177,0,787
341,E2,9,9777549.63,1241325.25,1.748209883,-10565.65,0.261167084,0,736
342,E2,10,12283189.15,2170097.07,0.958053181,-2759.4,20.377448,0,782
343,E2,11,14314352.31,2079068.4,2.135345133,-56229.53,2.823957269,0,854
344,E2,12,34399133.38,4439528.59,1.607007662,-158789.79,0,0,988
345,E20,1,8219998.3,7134356.46,3.041390772,0,#DIV/0!,0,15
346,E20,2,21977137.57,21698365.9,0.304426461,0,#DIV/0!,0,13
347,E20,3,7113431.4,6605556.73,1.39804989,0,#DIV/0!,0,13
348,E20,4,11006148.16,9234897.86,0.971843402,0,#DIV/0!,0,15
349,E20,5,9905361.51,8974874.55,1.520862683,0,#DIV/0!,0,17
350,E20,6,15661979.29,13649551.79,1.988351931,0,#DIV/0!,0,18
351,E20,7,31661445.12,27140112.66,0.404253551,0,#DIV/0!,0,21
352,E20,8,12214910.09,10971486.93,2.080961887,-2106.26,0,0,17
353,E20,9,24027246.69,22831246.15,0.814107506,0,#DIV/0!,0,18
354,E20,10,18806497.67,18587088.87,1.326617251,-43250,0,0,9
355,E20,11,28311868.1,24657952.74,0.547048883,0,#DIV/0!,0,26
356,E20,12,15433793.27,13489105.5,0.301372754,-6000,0,0,23
357,E21,1,11032630.03,4065248.87,0.28136765,0,#DIV/0!,0,59
358,E21,2,2807778.5,1143829.52,4.421608528,0,#DIV/0!,0,31
359,E21,3,10149134.27,5057566.36,0.271518563,0,#DIV/0!,0,63
360,E21,4,6210373.27,1373223.15,1.43276375,0,#DIV/0!,0,51
361,E21,5,6029550.9,1967504.35,0.907537267,0,#DIV/0!,0,60
362,E21,6,6810280.6,1785583.52,1.568112042,-279329.4,0,0,62
363,E21,7,10066549.69,2799995.02,1.904384201,0,#DIV/0!,0,62
364,E21,8,12345041.95,5332266.28,0.677299383,0,#DIV/0!,0,91
365,E21,9,9012191.78,3611540.66,1.774761744,-155527,0.90998669,0,86
366,E21,10,15657431.43,6409624.2,1.522323231,-141527.5,2.081871014,0,96
367,E21,11,15970846.7,9757519.82,0.67309164,-294642,0.697228637,0,112
368,E21,12,17102950.96,6567705.02,0.334165434,-205432.84,0,0,117
369,E22,1,3473295.8,2194700,0.667061557,0,#DIV/0!,0,14
370,E22,2,2089049.08,1464000,1.683415301,-885160,0,-601200,15
371,E22,3,4642022.5,2464520,0.968764709,0,#DIV/0!,0,16
372,E22,4,4556410.52,2387540,1.298229014,-22406,0,0,13
373,E22,5,5604051.9,3099573.7,3.836439185,0,#DIV/0!,0,15
374,E22,6,17351774.04,11891326,0.227411981,-35120.28,0,0,24
375,E22,7,6344613.1,2704230,1.350206898,0,#DIV/0!,0,26
376,E22,8,6703881.5,3651270,0.820140746,0,#DIV/0!,0,23
377,E22,9,6923267.96,2994555.3,0.986635525,0,#DIV/0!,0,26
378,E22,10,6480444.54,2954534.64,1.846147927,0,#DIV/0!,0,22
379,E22,11,6963207.22,5454508,0.238069637,0,#DIV/0!,0,14
380,E22,12,3758157.78,1298552.74,11.23762057,0,#DIV/0!,0,14
381,E23,1,16677974.15,14592642.98,1.3960726,-57843.03,0,0,124
382,E23,2,21904032.03,20372389.02,1.034533331,0,#DIV/0!,0,110
383,E23,3,24420440.56,21075915.48,0.982071467,-13967.76,9.019010206,0,140
384,E23,4,22066465.48,20698055.24,0.561761425,-125975.37,0.380062785,0,176
385,E23,5,12960760.13,11627369,1.39533783,-47878.55,0.356167428,0,168
386,E23,6,17362119.98,16224107.83,0.786303708,-17052.78,20.66353873,0,150
387,E23,7,14280145.97,12757076.15,1.044010934,-352370.78,0.082340511,0,175
388,E23,8,15677984.68,13318526.99,0.793128449,-29014.39,0.548809746,0,187
389,E23,9,13228202.22,10563302.65,1.265311244,-15923.38,8.710995404,0,166
390,E23,10,14626429.4,13365865.62,1.049351856,-138708.49,0.021489023,0,164
391,E23,11,15342723.69,14025495.89,0.831133509,-2980.71,106.3814058,0,135
392,E23,12,12447467.84,11657059.61,0.650382031,-317092.12,0.009662807,0,124
393,E24,1,12563537.75,7581542.1,0.194701595,-3064,84.33108029,0,97
394,E24,2,2261720.64,1476138.34,3.352425776,-258390.43,0,-248887.51,31
395,E24,3,6437482.61,4948644.22,0.268755556,0,#DIV/0!,0,40
396,E24,4,3528034.01,1329975.63,3.826525423,-10363.74,9.649026317,0,51
397,E24,5,6735850.83,5089185.56,1.066623715,-100000,0.00266,0,53
398,E24,6,8066460.55,5428246.01,0.754951932,-266,0,0,62
399,E24,7,6083612.08,4098064.81,1.30069135,0,#DIV/0!,0,66
400,E24,8,7607415.37,5330317.45,1.166557029,0,#DIV/0!,0,67
401,E24,9,9266609.64,6218119.29,0.905388549,-484389.91,0.206445258,-467800,71
402,E24,10,7160870.82,5629814,0.966957958,-100000,0,0,70
403,E24,11,6670767.08,5443793.45,1.307753712,0,#DIV/0!,0,77
404,E24,12,9848308.03,7119141.09,0,-2690,0,0,90
405,E25,1,624488.29,0,#DIV/0!,0,#DIV/0!,0,85
406,E25,2,356694.26,217000,0,-62748,0,0,41
407,E25,3,525514.35,0,#DIV/0!,0,#DIV/0!,0,40
408,E25,4,362531.07,107120,0,-217.87,0,0,55
409,E25,5,535172,0,#DIV/0!,0,#DIV/0!,0,66
410,E25,6,163588.21,0,#DIV/0!,0,#DIV/0!,0,63
411,E25,7,1671370.46,776760,0.555994129,0,#DIV/0!,0,57
412,E25,8,851260.21,431874,0,0,#DIV/0!,0,62
413,E25,9,787272.35,0,#DIV/0!,-1299,0,0,65
414,E25,10,1228775.12,0,#DIV/0!,0,#DIV/0!,0,72
415,E25,11,1644704.39,1087361,0.5379998,-14700,0.011491156,0,66
416,E25,12,1252818.16,585000,5.060522735,-168.92,0,0,80
417,E26,1,4588048.78,2960405.8,0.528219003,0,#DIV/0!,0,26
418,E26,2,2105258.8,1563742.6,2.627679517,0,#DIV/0!,0,20
419,E26,3,5730314.69,4109014.4,0.51542355,0,#DIV/0!,0,31
420,E26,4,2820222.64,2117882.79,0.855900954,-79480.8,0,0,19
421,E26,5,2823930.5,1812697.9,1.344674979,0,#DIV/0!,0,13
422,E26,6,3714804.41,2437489.51,0.752889476,0,#DIV/0!,0,13
423,E26,7,3127672.59,1835160.2,0.658599554,0,#DIV/0!,0,22
424,E26,8,2501314.12,1208635.69,1.722716975,0,#DIV/0!,0,26
425,E26,9,4609154.42,2082137.22,0.733521674,0,#DIV/0!,0,33
426,E26,10,2997076.22,1527292.78,2.068374762,0,#DIV/0!,0,32
427,E26,11,4848526.48,3159013.84,0.486647839,0,#DIV/0!,0,32
428,E26,12,2779086.87,1537327.26,1.301233675,0,#DIV/0!,0,21
429,E27,1,6167870.68,2000422,0.688878447,-43935,0.593433481,0,83
430,E27,2,2437557.74,1378047.6,0.724461477,-26072.5,0,0,53
431,E27,3,3382571.54,998342.4,1.046706421,0,#DIV/0!,0,78
432,E27,4,3181468.78,1044971.4,0.59524787,0,#DIV/0!,0,77
433,E27,5,3053305.97,622017,0.684727266,0,#DIV/0!,0,81
434,E27,6,3214183.15,425912,0,-8924.64,0,0,77
435,E27,7,1769312.56,0,#DIV/0!,0,#DIV/0!,0,94
436,E27,8,3799382.23,1043990,2.640608627,-1605.9,13.0632667,0,78
437,E27,9,6824176.32,2756769,0.279586491,-20978.3,0.040698245,0,100
438,E27,10,4595689.1,770755.37,2.25638389,-853.78,0.409941671,0,77
439,E27,11,6067482.48,1739120,0.61078695,-350,57.68,0,126
440,E27,12,4396673.64,1062231.8,0.195814134,-20188,0,0,72
441,E28,1,525012.99,208000,0,0,#DIV/0!,0,15
442,E28,2,71233.34,0,#DIV/0!,0,#DIV/0!,0,4
443,E28,3,16293,0,#DIV/0!,0,#DIV/0!,0,2
444,E28,4,23700,0,#DIV/0!,0,#DIV/0!,0,1
445,E28,5,25261,0,#DIV/0!,0,#DIV/0!,0,4
446,E28,7,107529.76,0,#DIV/0!,0,#DIV/0!,0,5
447,E28,8,18185.2,0,#DIV/0!,0,#DIV/0!,0,5
448,E28,9,62783.2,0,#DIV/0!,0,#DIV/0!,0,12
449,E28,10,51119,0,#DIV/0!,0,#DIV/0!,0,20
450,E28,11,204347.98,0,#DIV/0!,0,#DIV/0!,0,11
451,E28,12,309288,0,#DIV/0!,0,#DIV/0!,0,13
452,E29,1,168645,166800,0,0,#DIV/0!,0,4
453,E29,3,276,0,#DIV/0!,0,#DIV/0!,0,1
454,E29,4,780,0,#DIV/0!,0,#DIV/0!,0,3
455,E29,5,1708,0,#DIV/0!,0,#DIV/0!,0,4
456,E29,6,500,0,#DIV/0!,0,#DIV/0!,0,1
457,E29,7,1118,0,#DIV/0!,0,#DIV/0!,0,2
458,E29,8,690,0,#DIV/0!,0,#DIV/0!,0,1
459,E29,9,310,0,#DIV/0!,0,#DIV/0!,0,1
460,E29,10,2827,0,#DIV/0!,0,#DIV/0!,0,2
461,E29,11,2592,0,#DIV/0!,0,#DIV/0!,0,4
462,E29,12,7172.44,0,#DIV/0!,0,#DIV/0!,0,5
463,E3,1,4139356.63,1760894.95,0.908645942,-789,409.4362738,0,145
464,E3,2,2448963.43,1600030.05,1.970054981,-323045.22,0,-321045.22,86
465,E3,3,4580123.12,3152147.17,0.617889916,0,#DIV/0!,0,125
466,E3,4,2811884.75,1947679.95,1.824826718,-2500,0.588808,0,143
467,E3,5,4972758.03,3554178.41,0.965878173,-1472.02,0.267652613,0,142
468,E3,6,4729662.72,3432903.35,0.847020992,-393.99,6.345338714,0,142
469,E3,7,5875951.58,2907741.2,0.517547208,-2500,2.54352,0,155
470,E3,8,3485440.36,1504893.34,1.456065717,-6358.8,0.092470277,0,119
471,E3,9,3585798.41,2191223.6,1.398370066,-588,0.486394558,0,149
472,E3,10,4409976.58,3064141.49,0.717170296,-286,0,0,120
473,E3,11,3975305.53,2197511.26,3.124526242,0,#DIV/0!,0,142
474,E3,12,9164131.38,6866181.6,0.201834041,-2352.34,0,0,145
475,E30,1,2490645.48,1385829.18,0.602022249,0,#DIV/0!,0,24
476,E30,2,2674912.92,834300,1.628550881,0,#DIV/0!,0,4
477,E30,3,2297743.77,1358700,0,0,#DIV/0!,0,17
478,E30,4,184677.73,0,#DIV/0!,0,#DIV/0!,0,13
479,E30,5,12742.17,0,#DIV/0!,0,#DIV/0!,0,9
480,E30,6,367044,103500,9.041545894,0,#DIV/0!,0,11
481,E30,7,2265859.91,935800,2.034234879,0,#DIV/0!,0,27
482,E30,8,4081164.47,1903637,0.397554786,-2800,0,0,23
483,E30,9,1825835.11,756800,1.305100423,0,#DIV/0!,0,37
484,E30,10,2307851.67,987700,0.629442138,0,#DIV/0!,0,37
485,E30,11,1770398.87,621700,2.337719157,-575,0,0,53
486,E30,12,3942020.26,1453360,0.220682322,0,#DIV/0!,0,49
487,E31,1,658348.38,320730.86,0.65996568,0,#DIV/0!,0,34
488,E31,2,461556.96,211671.36,1.248099176,0,#DIV/0!,0,9
489,E31,3,636988.43,264186.85,0.401231174,0,#DIV/0!,0,23
490,E31,4,466558.62,106000,0,0,#DIV/0!,0,14
491,E31,5,479153.68,0,#DIV/0!,0,#DIV/0!,0,10
492,E31,6,453862.54,109986.43,0,0,#DIV/0!,0,21
493,E31,7,73955,0,#DIV/0!,0,#DIV/0!,0,17
494,E31,8,447096.68,206395.3,0,0,#DIV/0!,0,10
495,E31,9,112370.28,0,#DIV/0!,0,#DIV/0!,0,13
496,E31,10,146510,0,#DIV/0!,0,#DIV/0!,0,11
497,E31,11,609497.01,310462.02,1.040900591,-5298.1,0,0,24
498,E31,12,513310,323160.1,0,0,#DIV/0!,0,29
499,E32,1,196184.81,0,#DIV/0!,0,#DIV/0!,0,43
500,E32,2,184348.75,0,#DIV/0!,0,#DIV/0!,0,48
501,E32,3,216403.61,0,#DIV/0!,-265,0,0,49
502,E32,4,167878.85,0,#DIV/0!,0,#DIV/0!,0,49
503,E32,5,199202.89,0,#DIV/0!,0,#DIV/0!,0,50
504,E32,6,88222.25,0,#DIV/0!,-29870,0,0,40
505,E32,7,133889.46,0,#DIV/0!,0,#DIV/0!,0,55
506,E32,8,171749.3,0,#DIV/0!,0,#DIV/0!,0,43
507,E32,9,135790.88,0,#DIV/0!,0,#DIV/0!,0,49
508,E32,10,364299.38,0,#DIV/0!,0,#DIV/0!,0,46
509,E32,11,226102.93,0,#DIV/0!,0,#DIV/0!,0,46
510,E32,12,458502.61,0,#DIV/0!,0,#DIV/0!,0,66
511,E33,1,7739870.78,1701332.9,1.180943641,-31245.36,0,0,49
512,E33,2,8095307.42,2009178.27,0.451169522,0,#DIV/0!,0,34
513,E33,3,5565384.79,906480,0.491398497,0,#DIV/0!,0,28
514,E33,4,3577125.45,445442.91,4.517550341,-17664,5.650475543,0,25
515,E33,5,7445495.07,2012310.77,1.019552507,-99810,4.334585713,0,26
516,E33,6,7555341.5,2051656.49,0.27340729,-432635,0.007227571,0,30
517,E33,7,4389388.66,560937.84,2.795581396,-3126.9,0,0,44
518,E33,8,3235608.2,1568147.39,0.385164688,0,#DIV/0!,0,30
519,E33,9,3132943.04,603995,2.640064603,0,#DIV/0!,0,25
520,E33,10,4323432.72,1594585.82,2.131811313,0,#DIV/0!,0,26
521,E33,11,9384452.2,3399356.09,0.37062254,0,#DIV/0!,0,42
522,E33,12,5200406.33,1259877.99,0.323971847,0,#DIV/0!,0,48
523,E34,1,1322952.62,408165,0,0,#DIV/0!,0,42
524,E34,2,734368.07,0,#DIV/0!,0,#DIV/0!,0,46
525,E34,3,1542139.61,131726,1.60299789,-35220,0.567859171,0,53
526,E34,4,813331.17,211156.5,1.624387599,-20000,0.0219,0,51
527,E34,5,1755390.11,343000,0,-438,0,0,55
528,E34,6,308127.83,0,#DIV/0!,0,#DIV/0!,0,45
529,E34,7,1358822.56,539099.08,3.614705482,-1105,0,0,70
530,E34,8,6623446.62,1948684.4,1.041838668,0,#DIV/0!,0,78
531,E34,9,5975638.95,2030214.76,1.982830836,-476765.86,3.855351556,0,89
532,E34,10,9310813.99,4025572.43,1.089135043,-1838100,0,-1838100,87
533,E34,11,11920766.37,4384392,1.302509618,0,#DIV/0!,0,99
534,E34,12,11184053.75,5710712.75,0.327532811,-756354.8,0,-114500,124
535,E35,1,3571204.79,1870445.8,0.278908274,0,#DIV/0!,0,36
536,E35,2,1457912.54,521682.81,2.376938297,-412800,0,-412800,22
537,E35,3,2633526.29,1240007.85,1.434785401,0,#DIV/0!,0,27
538,E35,4,3887318.39,1779145.16,0.076323452,0,#DIV/0!,0,29
539,E35,5,1261951.86,135790.5,8.661221367,0,#DIV/0!,0,24
540,E35,6,2309779.5,1176111.58,0.760386017,0,#DIV/0!,0,28
541,E35,7,2115111.91,894298.8,2.188060802,0,#DIV/0!,0,23
542,E35,8,3285869.95,1956780.15,1.116015256,0,#DIV/0!,0,30
543,E35,9,3755153.6,2183796.5,1.794011466,0,#DIV/0!,0,30
544,E35,10,5379120.29,3917755.96,0.210926476,-7980,4.596491228,0,38
545,E35,11,2298926.61,826358.46,0.690702773,-36680,12.50908779,0,30
546,E35,12,1496046.5,570768.08,0,-458833.34,0,-111829.34,31
547,E36,1,1273245.49,0,#DIV/0!,0,#DIV/0!,0,64
548,E36,2,769171.9,0,#DIV/0!,0,#DIV/0!,0,32
549,E36,3,1414751.59,0,#DIV/0!,0,#DIV/0!,0,60
550,E36,4,1890251.6,351513.32,0.682078819,0,#DIV/0!,0,70
551,E36,5,2282430.71,239759.79,1.089176755,0,#DIV/0!,0,69
552,E36,6,2592779.7,261140.79,0.930271713,0,#DIV/0!,0,85
553,E36,7,1948121.12,242931.89,0.985388333,-66178.06,0.028710422,0,80
554,E36,8,2458582.89,239382.25,1.510291887,-1900,0,0,75
555,E36,9,1870644.94,361537.07,0.47588481,0,#DIV/0!,0,97
556,E36,10,2000172.87,172050,1.796280151,-809.42,0.985891132,0,103
557,E36,11,1893849.86,309050,1.978659958,-798,0,0,114
558,E36,12,2006403.43,611504.86,10.76923318,0,#DIV/0!,0,56
559,E37,1,10836610.29,6585438.43,0.258834588,0,#DIV/0!,0,27
560,E37,2,3007728.82,1704539.24,0.640749538,0,#DIV/0!,0,8
561,E37,3,2472147.2,1092182.73,1.085222031,0,#DIV/0!,0,12
562,E37,4,2020717.45,1185260.76,3.095680701,0,#DIV/0!,0,12
563,E37,5,6043544.13,3669188.86,0.304635374,0,#DIV/0!,0,14
564,E37,6,3705016.29,1117764.72,1.243146957,-100000,0,0,18
565,E37,7,2997784.52,1389545.81,0.87387835,0,#DIV/0!,0,11
566,E37,8,1843646.91,1214294,1.740445675,0,#DIV/0!,0,9
567,E37,9,4153764.41,2113412.74,0.775510608,0,#DIV/0!,0,13
568,E37,10,3168837.29,1638974,1.097054334,0,#DIV/0!,0,16
569,E37,11,3785077.81,1798043.53,2.067003539,0,#DIV/0!,0,19
570,E37,12,6043443.57,3716562.34,0,0,#DIV/0!,0,22
571,E38,1,181480.87,0,#DIV/0!,0,#DIV/0!,0,24
572,E38,2,4530087.62,4222173.84,0.051063269,0,#DIV/0!,0,33
573,E38,3,360900.74,215598,0,0,#DIV/0!,0,35
574,E38,4,203716.04,0,#DIV/0!,-10740.93,0,0,28
575,E38,5,52075,0,#DIV/0!,0,#DIV/0!,0,21
576,E38,6,629978.66,272651,0,0,#DIV/0!,0,27
577,E38,7,124796.06,0,#DIV/0!,0,#DIV/0!,0,30
578,E38,8,1643847.86,983278.4,0,0,#DIV/0!,0,46
579,E38,9,228386.2,0,#DIV/0!,0,#DIV/0!,0,52
580,E38,10,218760.95,0,#DIV/0!,0,#DIV/0!,0,50
581,E38,11,993824.64,0,#DIV/0!,0,#DIV/0!,0,48
582,E38,12,3994679.28,2153349.75,0,0,#DIV/0!,0,53
583,E39,1,5820,0,#DIV/0!,0,#DIV/0!,0,4
584,E39,2,9904,0,#DIV/0!,0,#DIV/0!,0,10
585,E39,3,12732,0,#DIV/0!,0,#DIV/0!,0,11
586,E39,4,18718.12,0,#DIV/0!,0,#DIV/0!,0,12
587,E39,5,41024.15,0,#DIV/0!,0,#DIV/0!,0,13
588,E39,6,10266.2,0,#DIV/0!,0,#DIV/0!,0,12
589,E39,7,81589.52,0,#DIV/0!,0,#DIV/0!,0,12
590,E39,8,116612.55,0,#DIV/0!,0,#DIV/0!,0,14
591,E39,9,9906.65,0,#DIV/0!,0,#DIV/0!,0,6
592,E39,10,5714,0,#DIV/0!,0,#DIV/0!,0,6
593,E39,11,41425.2,0,#DIV/0!,0,#DIV/0!,0,7
594,E39,12,19528.07,0,#DIV/0!,0,#DIV/0!,0,14
595,E4,1,42162697.26,41778180.04,1.042742862,-3661,0,0,21
596,E4,2,43685833.79,43563899.03,0.10577786,0,#DIV/0!,0,15
597,E4,3,4778904.55,4608096,0.2854111,0,#DIV/0!,0,29
598,E4,4,1459645.93,1315201.75,0,-1300,0,0,26
599,E4,5,97917.54,0,#DIV/0!,0,#DIV/0!,0,19
600,E4,6,363965.5,0,#DIV/0!,0,#DIV/0!,0,21
601,E4,7,4913755.72,4796889.6,0.593566965,0,#DIV/0!,0,25
602,E4,8,2869343.92,2847275.2,3.755060733,0,#DIV/0!,0,18
603,E4,9,10835195.66,10691691.3,1.774757587,0,#DIV/0!,0,20
604,E4,10,19037570.31,18975160.25,1.959887961,-4408757.9,0,-4406557.9,21
605,E4,11,37238512.46,37189188.14,2.312764137,0,#DIV/0!,0,26
606,E4,12,87140871.98,86009820.61,0.001625396,0,#DIV/0!,0,35
607,E40,1,771888.42,139800,0,-879.79,0,0,164
608,E40,2,400241.44,0,#DIV/0!,0,#DIV/0!,0,108
609,E40,3,149168.99,0,#DIV/0!,-338.91,0,0,118
610,E40,4,371918.47,0,#DIV/0!,0,#DIV/0!,0,111
611,E40,5,258611.06,0,#DIV/0!,0,#DIV/0!,0,104
612,E40,6,320425.11,0,#DIV/0!,-3086.8,0.028508488,0,105
613,E40,7,231792.4,0,#DIV/0!,-88,12.76136364,0,113
614,E40,8,200904.17,0,#DIV/0!,-1123,0.114870882,0,131
615,E40,9,389991.99,0,#DIV/0!,-129,19.08751938,0,123
616,E40,10,251552.02,0,#DIV/0!,-2462.29,3.781033103,0,128
617,E40,11,336748.94,0,#DIV/0!,-9310,1.551691729,0,151
618,E40,12,803092.35,0,#DIV/0!,-14446.25,0.00685299,0,176
619,E41,1,864037.25,241312,0,-99,0,0,91
620,E41,2,213008.78,0,#DIV/0!,0,#DIV/0!,0,59
621,E41,3,615868.23,0,#DIV/0!,0,#DIV/0!,0,61
622,E41,4,336793.43,0,#DIV/0!,-429,0,0,63
623,E41,5,308416.27,0,#DIV/0!,0,#DIV/0!,0,70
624,E41,6,260777.82,0,#DIV/0!,-34990,2.975307231,0,66
625,E41,7,274482.84,0,#DIV/0!,-104106,0.021324419,0,102
626,E41,8,595386.65,0,#DIV/0!,-2220,0,0,102
627,E41,9,380991.89,0,#DIV/0!,0,#DIV/0!,0,79
628,E41,10,655766.68,0,#DIV/0!,0,#DIV/0!,0,108
629,E41,11,330454.42,0,#DIV/0!,0,#DIV/0!,0,84
630,E41,12,552743.07,0,#DIV/0!,0,#DIV/0!,0,88
631,E42,1,750,0,#DIV/0!,0,#DIV/0!,0,1
632,E42,8,1884,0,#DIV/0!,0,#DIV/0!,0,3
633,E42,9,4476,0,#DIV/0!,0,#DIV/0!,0,4
634,E42,10,1990,0,#DIV/0!,0,#DIV/0!,0,2
635,E42,11,1335,0,#DIV/0!,0,#DIV/0!,0,3
636,E42,12,1334,0,#DIV/0!,0,#DIV/0!,0,2
637,E43,1,57250,0,#DIV/0!,0,#DIV/0!,0,2
638,E43,3,2194258.8,1918338.8,0,0,#DIV/0!,0,5
639,E43,4,80350,0,#DIV/0!,0,#DIV/0!,0,2
640,E43,5,32400,0,#DIV/0!,-62166.03,0.038606294,0,3
641,E43,6,0,0,#DIV/0!,-2400,0,0,1
642,E43,7,81485,0,#DIV/0!,0,#DIV/0!,0,3
643,E43,8,1100000,0,#DIV/0!,0,#DIV/0!,0,1
644,E43,9,40659,0,#DIV/0!,0,#DIV/0!,0,2
645,E43,10,221745.5,0,#DIV/0!,0,#DIV/0!,0,5
646,E43,11,66825.45,0,#DIV/0!,0,#DIV/0!,0,3
647,E43,12,21556,0,#DIV/0!,0,#DIV/0!,0,1
648,E44,1,4640004.6,2416785.4,0.794295844,0,#DIV/0!,0,61
649,E44,2,3220311.29,1919642.6,0.577924245,0,#DIV/0!,0,42
650,E44,3,2574904.53,1109408,0.862073286,0,#DIV/0!,0,51
651,E44,4,2445767.06,956391,0.67812746,0,#DIV/0!,0,40
652,E44,5,1423160.7,648555,0.927908628,0,#DIV/0!,0,40
653,E44,6,2403716.14,601799.78,0.520124816,0,#DIV/0!,0,50
654,E44,7,1357360.2,313011,0,-102700,0.003485881,-102700,45
655,E44,8,1475028.52,0,#DIV/0!,-358,0,0,40
656,E44,9,1603367.67,225959.4,9.160857836,0,#DIV/0!,0,54
657,E44,10,3674839.32,2069981.94,0.800572154,0,#DIV/0!,0,64
658,E44,11,3830320.4,1657169.9,1.811254235,0,#DIV/0!,0,67
659,E44,12,5732850.87,3001556,0,0,#DIV/0!,0,87
660,E45,1,111970.95,0,#DIV/0!,0,#DIV/0!,0,12
661,E45,2,211135,100100,21.5947958,0,#DIV/0!,0,13
662,E45,3,2500252.96,2161639.06,0.667069557,0,#DIV/0!,0,36
663,E45,4,2415005.73,1441963.61,1.228628183,0,#DIV/0!,0,20
664,E45,5,2223076.35,1771637.13,1.443698897,0,#DIV/0!,0,23
665,E45,6,2996967.84,2557710.57,1.318705634,0,#DIV/0!,0,24
666,E45,7,3738916.98,3372867.34,0.735246409,0,#DIV/0!,0,14
667,E45,8,2728758.6,2479888.6,0.415637307,0,#DIV/0!,0,13
668,E45,9,1398134.22,1030734.22,0.402866056,0,#DIV/0!,0,18
669,E45,10,2240415.73,415247.83,9.661740388,0,#DIV/0!,0,15
670,E45,11,4450327.5,4012016.73,0.329230621,0,#DIV/0!,0,17
671,E45,12,1903327.34,1320878.76,0.396854379,0,#DIV/0!,0,19
672,E46,1,4270287.03,524196.52,0.583548323,0,#DIV/0!,0,69
673,E46,2,2896845.71,305894,2.094166607,0,#DIV/0!,0,64
674,E46,3,4390995.87,640593,0,0,#DIV/0!,0,67
675,E46,4,5651055.05,0,#DIV/0!,0,#DIV/0!,0,57
676,E46,5,5154490.03,532000,1.804511278,-113460,0,0,75
677,E46,6,2506710.62,960000,0.566093667,0,#DIV/0!,0,61
678,E46,7,2904440.54,543449.92,0.772840301,-368.88,515.0726524,0,89
679,E46,8,4129998.64,420000,0,-190000,0,0,69
680,E46,9,3793422.57,0,#DIV/0!,0,#DIV/0!,0,69
681,E46,10,5341017.91,525000,4.100720876,0,#DIV/0!,0,62
682,E46,11,6148344.73,2152878.46,0,-100000,0.53106,0,69
683,E46,12,5515934.71,0,#DIV/0!,-53106,0,0,115
684,E47,1,3475688.2,1517934.88,0.688135673,0,#DIV/0!,0,83
685,E47,2,2823591.36,1044545.14,1.633583743,0,#DIV/0!,0,63
686,E47,3,4724721.18,1706351.96,1.157379331,-19608.5,0.184608206,0,94
687,E47,4,5233375.41,1974896.49,0.772666065,-3619.89,0,0,114
688,E47,5,4143803.65,1525935.5,0.960742469,0,#DIV/0!,0,100
689,E47,6,4426487.52,1466031.04,1.502460153,-17000,0,0,101
690,E47,7,4138103.68,2202653.22,0.502727166,0,#DIV/0!,0,90
691,E47,8,3242620.19,1107333.61,1.088525336,-18130.88,0.127960695,0,96
692,E47,9,3254566.02,1205360.69,0.858022655,-2320.04,1.508594679,0,95
693,E47,10,3166956.92,1034226.78,2.203459951,-3500,0,0,84
694,E47,11,4864292.25,2278877.29,0.887255342,0,#DIV/0!,0,107
695,E47,12,4435648.49,2021946.05,0,-41380.27,0.451302034,0,97
696,E48,1,929765.11,0,#DIV/0!,-18675,0,0,56
697,E48,2,111054.57,0,#DIV/0!,0,#DIV/0!,0,26
698,E48,3,1000493.24,534447.2,0.785220692,0,#DIV/0!,0,51
699,E48,4,717481.84,419659,0,0,#DIV/0!,0,45
700,E48,5,612623.4,0,#DIV/0!,-4800,0,0,48
701,E48,6,1416488.34,217980,0,0,#DIV/0!,0,46
702,E48,7,933250.85,0,#DIV/0!,-46750,0,0,53
703,E48,8,1635564.51,529811,0.408258794,0,#DIV/0!,0,38
704,E48,9,1284162.26,216300,3.03654184,0,#DIV/0!,0,51
705,E48,10,1638521.7,656804,0.485041337,0,#DIV/0!,0,47
706,E48,11,2002213.12,318577.09,1.013748352,0,#DIV/0!,0,50
707,E48,12,2095676.41,322957,0.340602619,-84,127.5527381,0,60
708,E49,1,5117941.29,110000,0,-10714.43,4.173894458,0,177
709,E49,2,705021.53,0,#DIV/0!,-44720.9,0,0,71
710,E49,3,2118917.6,0,#DIV/0!,0,#DIV/0!,0,91
711,E49,4,504316.55,0,#DIV/0!,0,#DIV/0!,0,68
712,E49,5,2065615.14,0,#DIV/0!,-14219,0.527463253,0,113
713,E49,6,1651356.79,534127.7,0.492047875,-7500,0,0,111
714,E49,7,3308233.36,262816.4,0,0,#DIV/0!,0,126
715,E49,8,1930169.03,0,#DIV/0!,-7624,0.457371459,0,115
716,E49,9,518995.98,0,#DIV/0!,-3487,2.581015199,0,102
717,E49,10,547590.22,0,#DIV/0!,-9000,0.208777778,0,101
718,E49,11,1987614.05,101614,8.556891767,-1879,0.137828632,0,167
719,E49,12,4044960.5,869500,13.32819091,-258.98,0,0,216
720,E5,1,13345981.24,11588862,1.49815069,0,#DIV/0!,0,79
721,E5,2,18227481.53,17361861.6,1.04000928,-293075,2.210065342,-217600,35
722,E5,3,18864254.2,18056497.19,0.596143866,-647714.9,0,-302611.2,42
723,E5,4,12233258.71,10764270.05,1.804380893,0,#DIV/0!,0,37
724,E5,5,20501809.84,19422843.21,0.639221964,-760,0,0,53
725,E5,6,13459977.14,12415507.99,1.033595668,0,#DIV/0!,0,66
726,E5,7,15042190.81,12832615.27,0.999266482,0,#DIV/0!,0,60
727,E5,8,13646427.92,12823202.31,1.543199025,-28644,0,0,58
728,E5,9,20984283.82,19788753.3,1.161724306,0,#DIV/0!,0,56
729,E5,10,24246507,22989075.7,1.116357304,-15077,6.177541951,0,71
730,E5,11,27404969.11,25664022.57,1.030832093,-93138.8,0.392950951,0,71
731,E5,12,29374837.65,26455298.1,0,-36598.98,0,0,116
732,E50,1,2679.93,0,#DIV/0!,0,#DIV/0!,0,4
733,E50,2,11805,0,#DIV/0!,0,#DIV/0!,0,8
734,E50,3,58323,0,#DIV/0!,0,#DIV/0!,0,15
735,E50,4,6470,0,#DIV/0!,0,#DIV/0!,0,5
736,E50,5,38949,0,#DIV/0!,0,#DIV/0!,0,9
737,E50,6,186082,110028,0,0,#DIV/0!,0,14
738,E50,7,14495,0,#DIV/0!,0,#DIV/0!,0,7
739,E50,8,134700,0,#DIV/0!,0,#DIV/0!,0,13
740,E50,9,1211357,1078420,0.107031769,0,#DIV/0!,0,8
741,E50,10,204406.36,115425.2,0,-11600,0,0,18
742,E50,11,3131,0,#DIV/0!,0,#DIV/0!,0,6
743,E50,12,7598,0,#DIV/0!,0,#DIV/0!,0,6
744,E51,1,1891813.31,314120,0.334267159,0,#DIV/0!,0,10
745,E51,2,991814.1,105000,0,0,#DIV/0!,0,9
746,E51,3,1197022.63,0,#DIV/0!,-50000,0,0,19
747,E51,4,3432707.61,1510194.42,0.415476307,0,#DIV/0!,0,18
748,E51,5,2096198.3,627450,0.521146641,-350,74.04782857,0,14
749,E51,6,1324823.22,326993.46,2.316342749,-25916.74,0,0,10
750,E51,7,1615820.92,757428.93,0.410200624,0,#DIV/0!,0,10
751,E51,8,1218913.92,310697.82,2.772776584,0,#DIV/0!,0,6
752,E51,9,1682959.01,861495.64,0.402787877,0,#DIV/0!,0,9
753,E51,10,1576272.96,347000,6.029369683,0,#DIV/0!,0,16
754,E51,11,3431266.96,2092191.28,0.250933079,0,#DIV/0!,0,14
755,E51,12,2099478.96,525000,0.211314286,0,#DIV/0!,0,18
756,E52,1,1651445.47,110940,0,0,#DIV/0!,0,31
757,E52,2,358556,0,#DIV/0!,-3499,0,0,9
758,E52,3,665432,208000,0,0,#DIV/0!,0,12
759,E52,4,620849.2,0,#DIV/0!,0,#DIV/0!,0,10
760,E52,5,949626,325509,2.389967712,0,#DIV/0!,0,13
761,E52,6,1532935.03,777956,0.26192741,0,#DIV/0!,0,18
762,E52,7,252743,203768,25.51872718,-17000,0,0,10
763,E52,8,6545121.98,5199900,0.148914556,0,#DIV/0!,0,11
764,E52,9,898970.25,774340.8,0,0,#DIV/0!,0,17
765,E52,10,531376.98,0,#DIV/0!,0,#DIV/0!,0,16
766,E52,11,2760148.74,1363635,0.544133877,0,#DIV/0!,0,29
767,E52,12,1670211.89,742000,0.145552561,0,#DIV/0!,0,28
768,E53,1,2068557.4,108000,0,0,#DIV/0!,0,10
769,E53,2,1420948.33,0,#DIV/0!,0,#DIV/0!,0,3
770,E53,3,997496.33,0,#DIV/0!,0,#DIV/0!,0,4
771,E53,4,1135905.33,0,#DIV/0!,0,#DIV/0!,0,4
772,E53,5,2603533.25,0,#DIV/0!,0,#DIV/0!,0,9
773,E53,6,1953167.33,0,#DIV/0!,0,#DIV/0!,0,14
774,E53,7,2897283.33,0,#DIV/0!,0,#DIV/0!,0,6
775,E53,8,5093578.33,0,#DIV/0!,0,#DIV/0!,0,10
776,E53,9,4819783.63,162000,0,-74739.7,0,0,11
777,E53,10,2605670.03,0,#DIV/0!,0,#DIV/0!,0,6
778,E53,11,5002082.84,0,#DIV/0!,0,#DIV/0!,0,8
779,E53,12,4345300.82,435400,0.490011484,0,#DIV/0!,0,19
780,E54,1,1039617.66,213351,0,-23482.13,0.041964677,0,83
781,E54,2,370217.87,0,#DIV/0!,-985.42,0,0,52
782,E54,3,476405.16,0,#DIV/0!,0,#DIV/0!,0,52
783,E54,4,686763.94,0,#DIV/0!,0,#DIV/0!,0,87
784,E54,5,470000.24,0,#DIV/0!,-623,0,0,58
785,E54,6,459395.88,110000,5.090912364,0,#DIV/0!,0,59
786,E54,7,842618.82,560000.36,0,-159,0.156603774,0,62
787,E54,8,841635.73,0,#DIV/0!,-24.9,401.6064257,0,72
788,E54,9,620647.5,0,#DIV/0!,-10000,25,0,68
789,E54,10,736386.6,106677,0,-250000,0.00724,0,77
790,E54,11,443289.85,0,#DIV/0!,-1810,9.546961326,0,91
791,E54,12,1176946.49,0,#DIV/0!,-17280,0,0,93
792,E55,1,1911962.5,840000,0,0,#DIV/0!,0,25
793,E55,2,170108.25,0,#DIV/0!,0,#DIV/0!,0,14
794,E55,3,511159,120258.92,0,0,#DIV/0!,0,24
795,E55,4,313812.08,0,#DIV/0!,-30325.22,1.3190671,0,25
796,E55,5,166882.66,0,#DIV/0!,-40001,0,0,25
797,E55,6,430020.8,0,#DIV/0!,0,#DIV/0!,0,29
798,E55,7,657050.95,0,#DIV/0!,-7800,0,0,32
799,E55,8,687853.26,0,#DIV/0!,0,#DIV/0!,0,29
800,E55,9,877593.16,395207.54,0.506063219,-98898.14,0.307134189,0,35
801,E55,10,1499525.33,200000,0.5255,-30375,5.945185185,0,27
802,E55,11,867735.13,105100,8.793789248,-180585,1.195460365,0,37
803,E55,12,2767065.16,924227.25,2.076366391,-215882.21,0,0,36
804,E56,1,2828168.93,1919034.4,0.55011833,0,#DIV/0!,0,43
805,E56,2,1486470.5,1055696,1.609972947,0,#DIV/0!,0,19
806,E56,3,2406831.51,1699642,0.062742625,0,#DIV/0!,0,29
807,E56,4,1092894.8,106640,4.508847524,-89555,0,0,26
808,E56,5,2225154.92,480823.5,0.27577687,0,#DIV/0!,0,29
809,E56,6,721693,132600,5.546538462,0,#DIV/0!,0,26
810,E56,7,1775871.73,735471,1.081256773,0,#DIV/0!,0,29
811,E56,8,2385390.6,795233,1.449781385,0,#DIV/0!,0,34
812,E56,9,2746025.25,1152914,1.313272282,0,#DIV/0!,0,34
813,E56,10,3168726.8,1514090,1.008414295,-1050,194.5809524,0,34
814,E56,11,2979323.44,1526830,2.204316591,-204310,0.12970486,-104310,36
815,E56,12,4347163.87,3365616.7,0.232848105,-26500,0,0,49
816,E57,1,1344347.47,783677.47,0,0,#DIV/0!,0,7
817,E57,2,8818,0,#DIV/0!,0,#DIV/0!,0,3
818,E57,3,3879170.57,3869570.57,0.727144583,0,#DIV/0!,0,2
819,E57,4,2844391.28,2813737.28,1.010199865,0,#DIV/0!,0,6
820,E57,5,2983158.02,2842437.02,0.218912171,0,#DIV/0!,0,5
821,E57,6,638504.06,622244.06,4.34123924,0,#DIV/0!,0,3
822,E57,7,2703352.33,2701310.33,0.540478443,0,#DIV/0!,0,3
823,E57,8,1583358.05,1460000,0.106164384,0,#DIV/0!,0,7
824,E57,9,250884.24,155000,50.26932232,0,#DIV/0!,0,3
825,E57,10,7814077.96,7791744.96,0.232619749,0,#DIV/0!,0,10
826,E57,11,1898298.26,1812513.76,3.169315145,0,#DIV/0!,0,11
827,E57,12,5875110.31,5744427.31,0,0,#DIV/0!,0,15
828,E58,1,46906.01,0,#DIV/0!,0,#DIV/0!,0,52
829,E58,2,149423.74,0,#DIV/0!,0,#DIV/0!,0,39
830,E58,3,55477.96,0,#DIV/0!,-185.89,42.06788961,0,59
831,E58,4,56894.4,0,#DIV/0!,-7820,0.02173913,0,69
832,E58,5,58445.55,0,#DIV/0!,-170,0,0,58
833,E58,6,353939.09,0,#DIV/0!,0,#DIV/0!,0,62
834,E58,7,260235.38,135600,0,0,#DIV/0!,0,63
835,E58,8,2477458.2,0,#DIV/0!,0,#DIV/0!,0,59
836,E58,9,1327356.42,998049.12,0,-30000,0,0,51
837,E58,10,88674.87,0,#DIV/0!,0,#DIV/0!,0,43
838,E58,11,165205.67,0,#DIV/0!,0,#DIV/0!,0,53
839,E58,12,2072274.95,1231000,1.051494663,0,#DIV/0!,0,72
840,E59,1,3123269.31,1294389.93,0.086338357,0,#DIV/0!,0,21
841,E59,2,799738.52,111755.5,2.99683774,0,#DIV/0!,0,9
842,E59,3,2094011.49,334913.1,0.963360496,0,#DIV/0!,0,18
843,E59,4,2285499.39,322642.05,1.646411247,0,#DIV/0!,0,17
844,E59,5,1896624.17,531201.5,0.400723304,0,#DIV/0!,0,18
845,E59,6,1429165.93,212864.82,2.562152121,0,#DIV/0!,0,14
846,E59,7,1254621.29,545392.05,0.208114511,0,#DIV/0!,0,21
847,E59,8,1772674.74,113504,2.767726248,0,#DIV/0!,0,21
848,E59,9,1441118.38,314148,2.418946006,0,#DIV/0!,0,17
849,E59,10,1593617.94,759907.05,1.008434032,0,#DIV/0!,0,18
850,E59,11,1804814.93,766316.13,0.572122591,0,#DIV/0!,0,12
851,E59,12,1690770.27,438426.77,22.14102011,0,#DIV/0!,0,15
852,E6,1,23902647.97,9707215.93,1.356956806,-42486,4.707433037,0,263
853,E6,2,21401664.74,13172272.72,0.960227812,-200000,0.2625495,0,184
854,E6,3,30093553.96,12648382.61,0.647423415,-52509.9,0.619930718,0,236
855,E6,4,21972401.81,8188859.06,2.003811165,-32552.5,0.006021043,0,287
856,E6,5,29713057.82,16408927.21,0.598124659,-196,964.7526531,0,247
857,E6,6,23488166.64,9814584,0.760732888,-189091.52,2.027864073,0,271
858,E6,7,16589983.09,7466276.83,2.542264817,-383451.9,0.927878308,0,311
859,E6,8,41159627.88,18981252.9,0.336484604,-355796.7,0.433692555,0,288
860,E6,9,21408194.86,6386899.37,1.114479452,-154306.38,2.592245376,0,264
861,E6,10,17113621.73,7118068.11,1.207970192,-400000,0.086835,0,237
862,E6,11,19117726.47,8598414.1,4.00514625,-34734,29.80432976,0,244
863,E6,12,55217916.53,34437905.99,0,-1035223.59,0,0,282
864,E60,1,62438,0,#DIV/0!,0,#DIV/0!,0,14
865,E60,2,116676,103800,4.198458574,0,#DIV/0!,0,15
866,E60,3,558908.48,435800,0,0,#DIV/0!,0,25
867,E60,4,90296.04,0,#DIV/0!,0,#DIV/0!,0,10
868,E60,5,2488478.06,2386020,0,0,#DIV/0!,0,28
869,E60,6,137523,0,#DIV/0!,0,#DIV/0!,0,26
870,E60,7,166836.1,0,#DIV/0!,0,#DIV/0!,0,25
871,E60,8,1086621.52,773700,0,0,#DIV/0!,0,23
872,E60,9,122483.85,0,#DIV/0!,0,#DIV/0!,0,18
873,E60,10,341917.36,103800,0,0,#DIV/0!,0,19
874,E60,11,83809.16,0,#DIV/0!,0,#DIV/0!,0,19
875,E60,12,119435,0,#DIV/0!,0,#DIV/0!,0,15
876,E61,1,212138.2,0,#DIV/0!,0,#DIV/0!,0,17
877,E61,2,54874.69,0,#DIV/0!,0,#DIV/0!,0,7
878,E61,3,44942.44,0,#DIV/0!,0,#DIV/0!,0,6
879,E61,4,13728.51,0,#DIV/0!,0,#DIV/0!,0,4
880,E61,5,119670.19,0,#DIV/0!,0,#DIV/0!,0,13
881,E61,6,8877.53,0,#DIV/0!,0,#DIV/0!,0,6
882,E61,7,102396.46,0,#DIV/0!,0,#DIV/0!,0,11
883,E61,8,17243.5,0,#DIV/0!,0,#DIV/0!,0,7
884,E61,9,211771.89,0,#DIV/0!,0,#DIV/0!,0,13
885,E61,10,-5318.81,0,#DIV/0!,-62241.6,0,0,12
886,E61,11,56211.38,0,#DIV/0!,0,#DIV/0!,0,9
887,E61,12,95495.2,0,#DIV/0!,-280,0,0,14
888,E62,1,244927.18,0,#DIV/0!,0,#DIV/0!,0,31
889,E62,2,34603.07,0,#DIV/0!,0,#DIV/0!,0,23
890,E62,3,31842.82,0,#DIV/0!,0,#DIV/0!,0,27
891,E62,4,128529,0,#DIV/0!,0,#DIV/0!,0,28
892,E62,5,52088.41,0,#DIV/0!,0,#DIV/0!,0,18
893,E62,6,49213.61,0,#DIV/0!,0,#DIV/0!,0,20
894,E62,7,108032.49,0,#DIV/0!,0,#DIV/0!,0,24
895,E62,8,22524.21,0,#DIV/0!,0,#DIV/0!,0,27
896,E62,9,148379.81,0,#DIV/0!,0,#DIV/0!,0,32
897,E62,10,54522.42,0,#DIV/0!,0,#DIV/0!,0,29
898,E62,11,34610.6,0,#DIV/0!,0,#DIV/0!,0,22
899,E62,12,329597.36,0,#DIV/0!,0,#DIV/0!,0,27
900,E63,1,1802648.46,1186600,0,0,#DIV/0!,0,42
901,E63,2,750450.4,0,#DIV/0!,-6528.6,0.208314187,0,50
902,E63,3,2726522.93,637620,2.271716069,-1360,0,0,62
903,E63,4,2151381.35,1448491.6,1.911878536,0,#DIV/0!,0,50
904,E63,5,4148336.8,2769340,1.483182094,0,#DIV/0!,0,55
905,E63,6,5917260.48,4107435.5,1.039982855,-24496.85,0,0,52
906,E63,7,5574784.16,4271662.5,0.384992962,0,#DIV/0!,0,52
907,E63,8,4009671.67,1644560,1.342598142,0,#DIV/0!,0,61
908,E63,9,4458362.38,2207983.2,0.735929064,-825616.8,0.75258127,-825616.8,39
909,E63,10,2174457.55,1624919.01,1.159567024,-621343.74,0.048865061,-412680.99,25
910,E63,11,3225033.76,1884202.5,0.283010982,-30362,0.088597589,0,34
911,E63,12,2501274.93,533250,0,-2690,0,0,48
912,E64,1,31318.05,0,#DIV/0!,0,#DIV/0!,0,6
913,E64,2,1624,0,#DIV/0!,0,#DIV/0!,0,2
914,E64,4,936,0,#DIV/0!,0,#DIV/0!,0,4
915,E64,5,890,0,#DIV/0!,0,#DIV/0!,0,1
916,E64,6,26832,0,#DIV/0!,0,#DIV/0!,0,2
917,E64,8,1206,0,#DIV/0!,0,#DIV/0!,0,3
918,E64,9,214,0,#DIV/0!,0,#DIV/0!,0,1
919,E64,10,831,0,#DIV/0!,0,#DIV/0!,0,2
920,E64,11,22198,0,#DIV/0!,0,#DIV/0!,0,3
921,E64,12,4585,0,#DIV/0!,0,#DIV/0!,0,3
922,E65,1,385130.5,109788.79,1.002834625,0,#DIV/0!,0,12
923,E65,2,242601.9,110100,0,0,#DIV/0!,0,10
924,E65,3,299398.02,0,#DIV/0!,0,#DIV/0!,0,16
925,E65,4,760482.79,542853.6,0.799673798,0,#DIV/0!,0,12
926,E65,5,864401.58,434105.8,0.76403621,0,#DIV/0!,0,13
927,E65,6,557026.57,331672.55,0.661600726,0,#DIV/0!,0,12
928,E65,7,725691.8,219434.8,0,0,#DIV/0!,0,8
929,E65,8,14599,0,#DIV/0!,0,#DIV/0!,0,7
930,E65,9,354315.2,109810.86,0,0,#DIV/0!,0,9
931,E65,10,46224.8,0,#DIV/0!,0,#DIV/0!,0,6
932,E65,11,175994.69,0,#DIV/0!,0,#DIV/0!,0,11
933,E65,12,413699.04,213834,1.98280685,0,#DIV/0!,0,13
934,E66,1,621970.05,423991.52,0.25,0,#DIV/0!,0,11
935,E66,2,189581.14,105997.88,1.974405998,0,#DIV/0!,0,10
936,E66,3,408050.4,209282.85,1.009758516,0,#DIV/0!,0,7
937,E66,4,231026.33,211325.14,1.003173404,-1399,0,0,6
938,E66,5,693700.35,211995.76,0.5,0,#DIV/0!,0,11
939,E66,6,239726.05,105997.88,3,0,#DIV/0!,0,6
940,E66,7,595763.99,317993.64,0.333333333,0,#DIV/0!,0,10
941,E66,8,241885.08,105997.88,5,0,#DIV/0!,0,10
942,E66,9,825541.1,529989.4,0.4,0,#DIV/0!,0,9
943,E66,10,340521.73,211995.76,0.5,0,#DIV/0!,0,7
944,E66,11,218046.07,105997.88,5.967039058,0,#DIV/0!,0,9
945,E66,12,772296.02,632493.49,0,0,#DIV/0!,0,6
946,E67,1,37860.87,0,#DIV/0!,0,#DIV/0!,0,36
947,E67,2,10281.37,0,#DIV/0!,0,#DIV/0!,0,20
948,E67,3,38077.29,0,#DIV/0!,0,#DIV/0!,0,30
949,E67,4,28688.8,0,#DIV/0!,0,#DIV/0!,0,14
950,E67,5,66488.24,0,#DIV/0!,0,#DIV/0!,0,24
951,E67,6,90856.7,0,#DIV/0!,0,#DIV/0!,0,21
952,E67,7,85323.68,0,#DIV/0!,-4500,0,0,43
953,E67,8,288981.19,0,#DIV/0!,0,#DIV/0!,0,32
954,E67,9,429654.5,0,#DIV/0!,0,#DIV/0!,0,36
955,E67,10,113626.61,0,#DIV/0!,0,#DIV/0!,0,34
956,E67,11,69259.51,0,#DIV/0!,-100.8,0,0,32
957,E67,12,31200.19,0,#DIV/0!,0,#DIV/0!,0,29
958,E68,4,180,0,#DIV/0!,0,#DIV/0!,0,1
959,E68,6,560,0,#DIV/0!,0,#DIV/0!,0,1
960,E69,12,3250,0,#DIV/0!,0,#DIV/0!,0,1
961,E7,1,4924704.8,580585.5,2.514612404,-1002632.87,0.384030198,-550463,352
962,E7,2,4319541.79,1459947.5,1.342968367,-385041.3,1.624974386,0,261
963,E7,3,6494048.05,1960663.31,0.578523602,-625682.25,0.998358352,-186300,368
964,E7,4,3667516.25,1134290,0.277500886,-624655.1,0.643251948,0,340
965,E7,5,3259329.72,314766.48,4.192227203,-401810.61,1.360054902,0,307
966,E7,6,4461468.84,1319572.6,1.086975616,-546484.49,0.92810753,-131400,310
967,E7,7,4515433.82,1434343.24,0.432542911,-507196.37,1.25436505,-126030,348
968,E7,8,3683275.71,620415,0.92469879,-636209.4,1.212598839,-440180,374
969,E7,9,3775134.63,573697,2.110810236,-771466.78,0.706600121,-542780,381
970,E7,10,4500635.45,1210965.5,1.07780329,-545118.52,1.429685383,-229600,346
971,E7,11,7245370.32,1305182.6,4.81315373,-779347.98,0.725119388,-328895,357
972,E7,12,12645482.68,6282044.5,0,-565120.33,0.000584106,-115390,428
973,E70,1,447732.43,0,#DIV/0!,-330.09,0,0,40
974,E70,2,108000.58,0,#DIV/0!,0,#DIV/0!,0,25
975,E70,3,166947.34,0,#DIV/0!,0,#DIV/0!,0,28
976,E70,4,293908.18,0,#DIV/0!,0,#DIV/0!,0,34
977,E70,5,386029.92,0,#DIV/0!,0,#DIV/0!,0,26
978,E70,6,419135.45,0,#DIV/0!,-387,0,0,25
979,E70,7,735353.29,317000,0,0,#DIV/0!,0,24
980,E70,8,211929.41,0,#DIV/0!,0,#DIV/0!,0,31
981,E70,9,267466.44,0,#DIV/0!,0,#DIV/0!,0,38
982,E70,10,474007.81,0,#DIV/0!,-128.99,0,0,33
983,E70,11,1150585.65,306150,0.751265719,0,#DIV/0!,0,41
984,E70,12,1428245.44,230000,0,-18746,0.001653686,0,53
985,E71,1,630479.6,0,#DIV/0!,-31,0,0,35
986,E71,2,442907.58,0,#DIV/0!,0,#DIV/0!,0,34
987,E71,3,116619.23,0,#DIV/0!,0,#DIV/0!,0,40
988,E71,4,244970.01,0,#DIV/0!,0,#DIV/0!,0,42
989,E71,5,100702.96,0,#DIV/0!,0,#DIV/0!,0,31
990,E71,6,274844.48,0,#DIV/0!,-600000,0,0,37
991,E71,7,5289256.98,150000,0,0,#DIV/0!,0,75
992,E71,8,394782.55,0,#DIV/0!,-99974,0,0,81
993,E71,9,39763.41,0,#DIV/0!,0,#DIV/0!,0,41
994,E71,10,481261.28,188888,0,-236.6,740.6225697,0,40
995,E71,11,1525684.79,0,#DIV/0!,-175231.3,1.048898228,0,42
996,E71,12,463607.02,0,#DIV/0!,-183799.8,0.854951964,0,48
997,E72,1,186618.97,0,#DIV/0!,-157140,0,-157140,9
998,E72,2,5300.01,0,#DIV/0!,0,#DIV/0!,0,4
999,E72,3,3186.37,0,#DIV/0!,0,#DIV/0!,0,7
1000,E72,4,5514.5,0,#DIV/0!,0,#DIV/0!,0,11
1001,E72,5,2594,0,#DIV/0!,0,#DIV/0!,0,6
1002,E72,6,379599.8,378297.8,0.817377209,0,#DIV/0!,0,6
1003,E72,7,313893,309212,0,0,#DIV/0!,0,8
1004,E72,8,25472,0,#DIV/0!,0,#DIV/0!,0,15
1005,E72,9,13447.56,0,#DIV/0!,-309212,0,-309212,5
1006,E72,10,2485.08,0,#DIV/0!,0,#DIV/0!,0,5
1007,E72,11,314408.6,157140,1.841012346,0,#DIV/0!,0,5
1008,E72,12,294494.88,289296.68,0,0,#DIV/0!,0,10
1009,E73,1,120907.85,0,#DIV/0!,-2278,0,0,25
1010,E73,2,32048,0,#DIV/0!,0,#DIV/0!,0,12
1011,E73,3,96274.75,0,#DIV/0!,0,#DIV/0!,0,22
1012,E73,4,64509.15,0,#DIV/0!,0,#DIV/0!,0,27
1013,E73,5,64413.84,0,#DIV/0!,0,#DIV/0!,0,25
1014,E73,6,106019.75,0,#DIV/0!,-12000,0,0,21
1015,E73,7,22442.3,0,#DIV/0!,0,#DIV/0!,0,17
1016,E73,8,59618.09,0,#DIV/0!,0,#DIV/0!,0,19
1017,E73,9,74593.93,0,#DIV/0!,0,#DIV/0!,0,27
1018,E73,10,75747.84,0,#DIV/0!,0,#DIV/0!,0,19
1019,E73,11,82726.37,0,#DIV/0!,0,#DIV/0!,0,19
1020,E73,12,56653.67,0,#DIV/0!,0,#DIV/0!,0,25
1021,E74,4,580,0,#DIV/0!,0,#DIV/0!,0,2
1022,E74,5,280,0,#DIV/0!,0,#DIV/0!,0,1
1023,E74,6,79920,0,#DIV/0!,0,#DIV/0!,0,1
1024,E74,7,65300,0,#DIV/0!,0,#DIV/0!,0,1
1025,E74,9,227,0,#DIV/0!,0,#DIV/0!,0,1
1026,E74,10,185008,0,#DIV/0!,0,#DIV/0!,0,2
1027,E74,11,6000,0,#DIV/0!,0,#DIV/0!,0,1
1028,E75,1,680804.36,0,#DIV/0!,0,#DIV/0!,0,17
1029,E75,2,42131,0,#DIV/0!,0,#DIV/0!,0,7
1030,E75,3,105198.78,0,#DIV/0!,0,#DIV/0!,0,9
1031,E75,4,194368.06,0,#DIV/0!,0,#DIV/0!,0,11
1032,E75,5,116519.56,0,#DIV/0!,0,#DIV/0!,0,11
1033,E75,6,311475.92,111451.03,0,0,#DIV/0!,0,17
1034,E75,7,260309.77,0,#DIV/0!,0,#DIV/0!,0,12
1035,E75,8,166561.85,0,#DIV/0!,0,#DIV/0!,0,15
1036,E75,9,252862.66,0,#DIV/0!,0,#DIV/0!,0,11
1037,E75,10,229997.3,0,#DIV/0!,-2500,1.44,0,15
1038,E75,11,118800.9,0,#DIV/0!,-3600,0,0,12
1039,E75,12,242394.09,0,#DIV/0!,0,#DIV/0!,0,11
1040,E76,1,73684.92,0,#DIV/0!,0,#DIV/0!,0,22
1041,E76,2,1568.14,0,#DIV/0!,0,#DIV/0!,0,6
1042,E76,3,14566.76,0,#DIV/0!,0,#DIV/0!,0,6
1043,E76,4,290289.24,105800,0,0,#DIV/0!,0,14
1044,E76,5,11834.04,0,#DIV/0!,0,#DIV/0!,0,10
1045,E76,6,49433.34,0,#DIV/0!,0,#DIV/0!,0,14
1046,E76,7,30529.98,0,#DIV/0!,0,#DIV/0!,0,23
1047,E76,8,121229.19,0,#DIV/0!,0,#DIV/0!,0,18
1048,E76,9,91224.79,0,#DIV/0!,0,#DIV/0!,0,21
1049,E76,10,12327.48,0,#DIV/0!,0,#DIV/0!,0,24
1050,E76,11,35830.26,0,#DIV/0!,-4959,1.011292599,0,21
1051,E76,12,196798.47,100800,0,-5015,0,0,29
1052,E77,1,151457,0,#DIV/0!,0,#DIV/0!,0,7
1053,E77,2,1817,0,#DIV/0!,0,#DIV/0!,0,4
1054,E77,3,211780,0,#DIV/0!,0,#DIV/0!,0,2
1055,E77,4,1067,0,#DIV/0!,0,#DIV/0!,0,2
1056,E77,5,2268,0,#DIV/0!,0,#DIV/0!,0,2
1057,E77,6,122046,0,#DIV/0!,0,#DIV/0!,0,2
1058,E77,9,310,0,#DIV/0!,0,#DIV/0!,0,1
1059,E77,10,2678,0,#DIV/0!,0,#DIV/0!,0,3
1060,E77,11,102776,0,#DIV/0!,0,#DIV/0!,0,6
1061,E77,12,211682,0,#DIV/0!,0,#DIV/0!,0,4
1062,E78,1,423994,322364,0,0,#DIV/0!,0,3
1063,E78,2,36021.91,0,#DIV/0!,0,#DIV/0!,0,1
1064,E78,3,295210.99,291778,1.542097348,0,#DIV/0!,0,2
1065,E78,4,559438.13,449950.08,0.322260661,0,#DIV/0!,0,3
1066,E78,5,178457.08,145001.21,1.859025866,0,#DIV/0!,0,3
1067,E78,6,504641.67,269561,1.262917707,0,#DIV/0!,0,3
1068,E78,7,641612.36,340433.36,0,0,#DIV/0!,0,4
1069,E78,8,80086.78,0,#DIV/0!,0,#DIV/0!,0,2
1070,E78,9,194396.58,0,#DIV/0!,0,#DIV/0!,0,2
1071,E78,10,202122,0,#DIV/0!,0,#DIV/0!,0,2
1072,E78,11,453977.12,194959.12,0,0,#DIV/0!,0,3
1073,E78,12,179010,0,#DIV/0!,0,#DIV/0!,0,3
1074,E79,1,335773.22,0,#DIV/0!,0,#DIV/0!,0,11
1075,E79,2,235846.15,0,#DIV/0!,0,#DIV/0!,0,6
1076,E79,3,168782.92,0,#DIV/0!,0,#DIV/0!,0,6
1077,E79,4,191295.79,0,#DIV/0!,0,#DIV/0!,0,3
1078,E79,5,353582.43,0,#DIV/0!,0,#DIV/0!,0,5
1079,E79,6,209407.51,0,#DIV/0!,0,#DIV/0!,0,4
1080,E79,7,209141.89,0,#DIV/0!,0,#DIV/0!,0,4
1081,E79,8,269204.63,0,#DIV/0!,0,#DIV/0!,0,7
1082,E79,9,225169.75,0,#DIV/0!,0,#DIV/0!,0,12
1083,E79,10,463088.52,0,#DIV/0!,0,#DIV/0!,0,10
1084,E79,11,303701.35,0,#DIV/0!,0,#DIV/0!,0,12
1085,E79,12,353038.42,0,#DIV/0!,0,#DIV/0!,0,19
1086,E8,1,20513894.82,7211052.13,0.735816847,-10029.95,1.411073834,0,556
1087,E8,2,13929458.66,5306013.64,0.459510114,-14153,10.86214937,0,325
1088,E8,3,9440980.7,2438166.93,2.1059409,-153732,0.230186623,-130200,391
1089,E8,4,12219487.38,5134635.46,0.246863095,-35387.05,0.016955355,0,400
1090,E8,5,8269717.7,1267552,6.122292032,-600,117.0917333,0,406
1091,E8,6,18458503.69,7760323.51,0.038606638,-70255.04,0.720809923,0,505
1092,E8,7,12792723.29,299600,15.92681108,-50640.53,3.224471979,0,560
1093,E8,8,13325766.83,4771672.6,0.86900367,-163288.97,0.770085695,0,615
1094,E8,9,15046199.98,4146601,0.604967155,-125746.5,0.067659935,0,571
1095,E8,10,12439353.47,2508557.41,1.96704968,-8508,1.843305125,0,566
1096,E8,11,15969555.12,4934457.05,1.410565855,-15682.84,1.526751532,0,593
1097,E8,12,18013052.3,6960376.63,0.081303072,-23943.8,0,0,593
1098,E80,1,587018.32,565900,0,0,#DIV/0!,0,18
1099,E80,2,9883.73,0,#DIV/0!,0,#DIV/0!,0,10
1100,E80,3,6440.02,0,#DIV/0!,0,#DIV/0!,0,14
1101,E80,4,12622.71,0,#DIV/0!,0,#DIV/0!,0,21
1102,E80,5,65282.6,0,#DIV/0!,0,#DIV/0!,0,22
1103,E80,6,9769.62,0,#DIV/0!,0,#DIV/0!,0,14
1104,E80,7,21009.32,0,#DIV/0!,0,#DIV/0!,0,14
1105,E80,8,31572.69,0,#DIV/0!,0,#DIV/0!,0,13
1106,E80,9,9582.54,0,#DIV/0!,0,#DIV/0!,0,15
1107,E80,10,603923.29,565900,0,0,#DIV/0!,0,20
1108,E80,11,26137.06,0,#DIV/0!,0,#DIV/0!,0,17
1109,E80,12,1217442.92,1190400,0,0,#DIV/0!,0,21
1110,E81,1,137952.3,0,#DIV/0!,0,#DIV/0!,0,12
1111,E81,2,95287,0,#DIV/0!,0,#DIV/0!,0,10
1112,E81,3,168530,0,#DIV/0!,0,#DIV/0!,0,8
1113,E81,4,200578.5,0,#DIV/0!,0,#DIV/0!,0,13
1114,E81,5,47469.5,0,#DIV/0!,-6810,0.292484581,0,10
1115,E81,6,199633.48,0,#DIV/0!,-1991.82,0,0,13
1116,E81,7,259064.35,0,#DIV/0!,0,#DIV/0!,0,10
1117,E81,8,137065.9,0,#DIV/0!,0,#DIV/0!,0,16
1118,E81,9,170636.5,0,#DIV/0!,0,#DIV/0!,0,7
1119,E81,10,295417.5,0,#DIV/0!,0,#DIV/0!,0,11
1120,E81,11,349668,0,#DIV/0!,0,#DIV/0!,0,12
1121,E81,12,194121.5,0,#DIV/0!,-70771,0,0,18
1122,E82,1,58942.81,0,#DIV/0!,0,#DIV/0!,0,10
1123,E82,2,88207.64,0,#DIV/0!,0,#DIV/0!,0,7
1124,E82,3,193544.66,0,#DIV/0!,0,#DIV/0!,0,18
1125,E82,4,71983.24,0,#DIV/0!,0,#DIV/0!,0,8
1126,E82,5,136933.61,0,#DIV/0!,0,#DIV/0!,0,13
1127,E82,6,84931.61,0,#DIV/0!,0,#DIV/0!,0,12
1128,E82,7,148384.18,109238.49,0,-203.97,0,0,10
1129,E82,8,54778.62,0,#DIV/0!,0,#DIV/0!,0,5
1130,E82,9,104313.41,0,#DIV/0!,0,#DIV/0!,0,13
1131,E82,10,243712.08,0,#DIV/0!,-51,0,0,14
1132,E82,11,205493.13,0,#DIV/0!,0,#DIV/0!,0,19
1133,E82,12,302751.73,0,#DIV/0!,-98.97,53.20723452,0,26
1134,E83,1,3735580.14,0,#DIV/0!,-5265.92,3.519802807,0,59
1135,E83,2,1666974.91,0,#DIV/0!,-18535,4.057983275,0,26
1136,E83,3,1211032.59,0,#DIV/0!,-75214.72,0.349448884,0,42
1137,E83,4,1533838.14,0,#DIV/0!,-26283.7,0.331665633,0,53
1138,E83,5,1801681.39,0,#DIV/0!,-8717.4,0.04473811,0,49
1139,E83,6,1385767.5,0,#DIV/0!,-390,133.2692308,0,51
1140,E83,7,3517788.04,995299.93,1.067929574,-51975,0.115440115,0,58
1141,E83,8,3640892.77,1062910.23,0.749115144,-6000,0.557933333,0,68
1142,E83,9,3602040.41,796242.15,0.516050111,-3347.6,6.884164775,0,66
1143,E83,10,3579506.16,410900.85,1.816952678,-23045.43,0.490986716,0,67
1144,E83,11,5517022.68,746587.4,0.604376045,-11315,6.376526734,0,97
1145,E83,12,6378660.25,451219.54,0,-72150.4,0,0,93
1146,E84,1,227220,0,#DIV/0!,0,#DIV/0!,0,4
1147,E84,2,305000,105000,0,0,#DIV/0!,0,3
1148,E84,3,50000,0,#DIV/0!,0,#DIV/0!,0,1
1149,E84,4,110800,0,#DIV/0!,0,#DIV/0!,0,2
1150,E84,5,101754.25,101754.25,1.130173924,0,#DIV/0!,0,1
1151,E84,6,215000,115000,0,0,#DIV/0!,0,1
1152,E84,7,10800,0,#DIV/0!,0,#DIV/0!,0,1
1153,E84,8,222927.11,0,#DIV/0!,0,#DIV/0!,0,4
1154,E84,9,246026.69,227800,0,0,#DIV/0!,0,4
1155,E84,10,49990,0,#DIV/0!,0,#DIV/0!,0,1
1156,E84,11,50000,0,#DIV/0!,0,#DIV/0!,0,1
1157,E84,12,69232,0,#DIV/0!,0,#DIV/0!,0,4
1158,E85,1,105132.88,0,#DIV/0!,0,#DIV/0!,0,10
1159,E85,2,2287.26,0,#DIV/0!,0,#DIV/0!,0,6
1160,E85,3,7308,0,#DIV/0!,0,#DIV/0!,0,5
1161,E85,4,10457,0,#DIV/0!,0,#DIV/0!,0,7
1162,E85,5,11006.27,0,#DIV/0!,-398.71,0,0,10
1163,E85,6,6112.78,0,#DIV/0!,0,#DIV/0!,0,10
1164,E85,7,27908.67,0,#DIV/0!,0,#DIV/0!,0,16
1165,E85,8,5771,0,#DIV/0!,0,#DIV/0!,0,7
1166,E85,9,11876.99,0,#DIV/0!,0,#DIV/0!,0,9
1167,E85,10,42123.36,0,#DIV/0!,0,#DIV/0!,0,10
1168,E85,11,44538.7,0,#DIV/0!,0,#DIV/0!,0,5
1169,E85,12,157688.51,0,#DIV/0!,0,#DIV/0!,0,10
1170,E86,1,142935.69,0,#DIV/0!,0,#DIV/0!,0,9
1171,E86,2,666.05,0,#DIV/0!,0,#DIV/0!,0,3
1172,E86,3,1654,0,#DIV/0!,0,#DIV/0!,0,2
1173,E86,4,158,0,#DIV/0!,0,#DIV/0!,0,1
1174,E86,5,1009773.48,0,#DIV/0!,0,#DIV/0!,0,3
1175,E86,6,4436,0,#DIV/0!,-2099,0,0,7
1176,E86,7,3269.84,0,#DIV/0!,0,#DIV/0!,0,8
1177,E86,8,2614.58,0,#DIV/0!,0,#DIV/0!,0,6
1178,E86,9,39245.69,0,#DIV/0!,0,#DIV/0!,0,7
1179,E86,10,2642.39,0,#DIV/0!,0,#DIV/0!,0,7
1180,E86,11,3304.67,0,#DIV/0!,0,#DIV/0!,0,5
1181,E86,12,531067.99,0,#DIV/0!,0,#DIV/0!,0,8
1182,E87,1,240772.44,110149,0,0,#DIV/0!,0,21
1183,E87,2,10031.74,0,#DIV/0!,0,#DIV/0!,0,12
1184,E87,3,5026.63,0,#DIV/0!,0,#DIV/0!,0,8
1185,E87,4,301689.82,100300,0,0,#DIV/0!,0,18
1186,E87,5,120030.98,0,#DIV/0!,0,#DIV/0!,0,19
1187,E87,6,198978.16,120000,0,0,#DIV/0!,0,11
1188,E87,7,150398.5,0,#DIV/0!,0,#DIV/0!,0,20
1189,E87,8,152307.16,0,#DIV/0!,0,#DIV/0!,0,16
1190,E87,9,161723.36,0,#DIV/0!,0,#DIV/0!,0,13
1191,E87,10,82612.1,0,#DIV/0!,0,#DIV/0!,0,11
1192,E87,11,61333.82,0,#DIV/0!,0,#DIV/0!,0,17
1193,E87,12,221369.21,102890,0,0,#DIV/0!,0,18
1194,E88,1,127220,0,#DIV/0!,0,#DIV/0!,0,10
1195,E88,2,117994,0,#DIV/0!,0,#DIV/0!,0,4
1196,E88,3,85844,0,#DIV/0!,0,#DIV/0!,0,7
1197,E88,4,25094,0,#DIV/0!,0,#DIV/0!,0,5
1198,E88,5,30815.39,0,#DIV/0!,0,#DIV/0!,0,5
1199,E88,6,47991.62,0,#DIV/0!,0,#DIV/0!,0,3
1200,E88,7,41331.68,0,#DIV/0!,0,#DIV/0!,0,4
1201,E88,8,33088,0,#DIV/0!,0,#DIV/0!,0,4
1202,E88,9,53713,0,#DIV/0!,0,#DIV/0!,0,2
1203,E88,10,34432.77,0,#DIV/0!,0,#DIV/0!,0,10
1204,E88,11,46913,0,#DIV/0!,0,#DIV/0!,0,8
1205,E88,12,39021,0,#DIV/0!,0,#DIV/0!,0,3
1206,E89,1,11711,0,#DIV/0!,0,#DIV/0!,0,4
1207,E89,3,2686336,2611750,0,0,#DIV/0!,0,1
1208,E89,5,6879,0,#DIV/0!,0,#DIV/0!,0,1
1209,E89,6,480,0,#DIV/0!,0,#DIV/0!,0,1
1210,E89,7,800,0,#DIV/0!,0,#DIV/0!,0,1
1211,E89,8,199.59,0,#DIV/0!,0,#DIV/0!,0,1
1212,E89,9,5196,0,#DIV/0!,0,#DIV/0!,0,4
1213,E89,10,1297,0,#DIV/0!,0,#DIV/0!,0,2
1214,E89,11,3131.1,0,#DIV/0!,0,#DIV/0!,0,4
1215,E89,12,2391,0,#DIV/0!,0,#DIV/0!,0,3
1216,E9,1,3570011.97,100289.27,5.479440522,-4800,9.705502083,0,172
1217,E9,2,2693571.53,549529.09,0.690199039,-46586.41,0.084144711,0,143
1218,E9,3,2763921.14,379284.45,0.87092537,-3920,2.551020408,0,134
1219,E9,4,2192928.63,330328.45,0,-10000,0.00989,0,141
1220,E9,5,1109492.61,0,#DIV/0!,-98.9,0,0,150
1221,E9,6,1884254.52,129000,0,0,#DIV/0!,0,135
1222,E9,7,1955576.52,0,#DIV/0!,0,#DIV/0!,0,167
1223,E9,8,1453868.31,0,#DIV/0!,-4310,0,0,178
1224,E9,9,1604378.86,0,#DIV/0!,0,#DIV/0!,0,162
1225,E9,10,1608737.23,101206.82,7.459477533,-3462.25,0.122345296,0,160
1226,E9,11,2100343.31,754950,1.388418425,-423.59,105.2584103,0,140
1227,E9,12,3396429.46,1048186.49,0,-44586.41,0,0,177
1228,E90,1,22391.59,0,#DIV/0!,0,#DIV/0!,0,5
1229,E90,2,4361,0,#DIV/0!,0,#DIV/0!,0,2
1230,E90,3,4833,0,#DIV/0!,0,#DIV/0!,0,4
1231,E90,5,115597.19,0,#DIV/0!,0,#DIV/0!,0,9
1232,E90,6,12003.02,0,#DIV/0!,0,#DIV/0!,0,7
1233,E90,7,9594.2,0,#DIV/0!,0,#DIV/0!,0,8
1234,E90,8,24559.9,0,#DIV/0!,0,#DIV/0!,0,4
1235,E90,9,62847.9,0,#DIV/0!,0,#DIV/0!,0,7
1236,E90,10,184418.2,0,#DIV/0!,0,#DIV/0!,0,7
1237,E90,11,254040.07,0,#DIV/0!,0,#DIV/0!,0,9
1238,E90,12,63142.5,0,#DIV/0!,0,#DIV/0!,0,8
1239,E91,1,130927,0,#DIV/0!,0,#DIV/0!,0,6
1240,E91,2,70560,0,#DIV/0!,0,#DIV/0!,0,4
1241,E91,3,109978,0,#DIV/0!,0,#DIV/0!,0,9
1242,E91,4,131980.84,0,#DIV/0!,0,#DIV/0!,0,11
1243,E91,5,86187.16,0,#DIV/0!,0,#DIV/0!,0,6
1244,E91,6,259006.5,0,#DIV/0!,0,#DIV/0!,0,7
1245,E91,7,158935.53,0,#DIV/0!,0,#DIV/0!,0,10
1246,E91,8,157797.25,0,#DIV/0!,0,#DIV/0!,0,8
1247,E91,9,93584,0,#DIV/0!,0,#DIV/0!,0,5
1248,E91,10,20343.75,0,#DIV/0!,-18000,0,0,5
1249,E91,11,87059.62,0,#DIV/0!,0,#DIV/0!,0,9
1250,E91,12,187586,0,#DIV/0!,0,#DIV/0!,0,12
1251,E92,1,16581,0,#DIV/0!,0,#DIV/0!,0,16
1252,E92,2,35230,0,#DIV/0!,0,#DIV/0!,0,8
1253,E92,3,8031,0,#DIV/0!,0,#DIV/0!,0,14
1254,E92,4,9561,0,#DIV/0!,0,#DIV/0!,0,7
1255,E92,5,25186.67,0,#DIV/0!,0,#DIV/0!,0,14
1256,E92,6,3637,0,#DIV/0!,0,#DIV/0!,0,8
1257,E92,7,5787.13,0,#DIV/0!,0,#DIV/0!,0,13
1258,E92,8,8256,0,#DIV/0!,0,#DIV/0!,0,13
1259,E92,9,9673.86,0,#DIV/0!,0,#DIV/0!,0,14
1260,E92,10,16789.3,0,#DIV/0!,0,#DIV/0!,0,15
1261,E92,11,15767.58,0,#DIV/0!,0,#DIV/0!,0,22
1262,E92,12,4891.87,0,#DIV/0!,0,#DIV/0!,0,11
1263,E93,1,5207.88,0,#DIV/0!,0,#DIV/0!,0,9
1264,E93,2,11362.05,0,#DIV/0!,0,#DIV/0!,0,10
1265,E93,3,6940.2,0,#DIV/0!,0,#DIV/0!,0,9
1266,E93,4,21551.75,0,#DIV/0!,0,#DIV/0!,0,7
1267,E93,5,7324.99,0,#DIV/0!,0,#DIV/0!,0,7
1268,E93,6,12971.4,0,#DIV/0!,0,#DIV/0!,0,8
1269,E93,7,54635,0,#DIV/0!,0,#DIV/0!,0,11
1270,E93,8,6727.5,0,#DIV/0!,0,#DIV/0!,0,6
1271,E93,9,16882.36,0,#DIV/0!,0,#DIV/0!,0,15
1272,E93,10,54283.07,0,#DIV/0!,-6150,0,0,20
1273,E93,11,12708.1,0,#DIV/0!,0,#DIV/0!,0,12
1274,E93,12,92320.53,0,#DIV/0!,0,#DIV/0!,0,18
1275,E94,1,280,0,#DIV/0!,0,#DIV/0!,0,1
1276,E94,3,330,0,#DIV/0!,0,#DIV/0!,0,1
1277,E94,12,15736,0,#DIV/0!,0,#DIV/0!,0,2
1278,E95,10,280,0,#DIV/0!,0,#DIV/0!,0,1
1279,E95,11,858,0,#DIV/0!,0,#DIV/0!,0,1
1280,E96,3,300,0,#DIV/0!,0,#DIV/0!,0,1
1281,E96,5,760,0,#DIV/0!,0,#DIV/0!,0,1
1282,E96,7,2426426,2426426,0,0,#DIV/0!,0,1
1283,E96,9,653,0,#DIV/0!,0,#DIV/0!,0,1
1284,E96,10,7280.96,0,#DIV/0!,0,#DIV/0!,0,2
1285,E96,12,50,0,#DIV/0!,0,#DIV/0!,0,1
1286,E97,1,300,0,#DIV/0!,0,#DIV/0!,0,1
1287,E97,2,300,0,#DIV/0!,0,#DIV/0!,0,1
1288,E97,4,3000,0,#DIV/0!,0,#DIV/0!,0,1
1289,E97,6,280,0,#DIV/0!,0,#DIV/0!,0,1
1290,E97,7,3000,0,#DIV/0!,0,#DIV/0!,0,1
1291,E97,9,3000,0,#DIV/0!,0,#DIV/0!,0,1
1292,E97,10,3000,0,#DIV/0!,0,#DIV/0!,0,1
1293,E97,12,7000,0,#DIV/0!,0,#DIV/0!,0,1
1294,E98,1,10290,0,#DIV/0!,0,#DIV/0!,0,3
1295,E98,2,6695.97,0,#DIV/0!,-1997,0,0,2
1296,E98,3,9521.84,0,#DIV/0!,0,#DIV/0!,0,2
1297,E98,4,10246,0,#DIV/0!,0,#DIV/0!,0,5
1298,E98,5,35232,0,#DIV/0!,0,#DIV/0!,0,3
1299,E98,6,1765,0,#DIV/0!,0,#DIV/0!,0,4
1300,E98,7,23041,0,#DIV/0!,0,#DIV/0!,0,5
1301,E98,8,0.01,0,#DIV/0!,0,#DIV/0!,0,1
1302,E98,9,1351,0,#DIV/0!,0,#DIV/0!,0,3
1303,E98,10,1014,0,#DIV/0!,0,#DIV/0!,0,1
1304,E98,11,100348,0,#DIV/0!,0,#DIV/0!,0,2
1305,E98,12,9778.16,0,#DIV/0!,0,#DIV/0!,0,7
1306,E99,1,59375.68,0,#DIV/0!,0,#DIV/0!,0,8
1307,E99,2,19060.59,0,#DIV/0!,-180,0,0,9
1308,E99,3,134795.44,0,#DIV/0!,0,#DIV/0!,0,19
1309,E99,4,536793.72,0,#DIV/0!,0,#DIV/0!,0,17
1310,E99,5,305926.56,0,#DIV/0!,-8000,0,0,8
1311,E99,6,26460.9,0,#DIV/0!,0,#DIV/0!,0,6
1312,E99,7,123256.7,102990,0,0,#DIV/0!,0,11
1313,E99,8,208396.24,0,#DIV/0!,0,#DIV/0!,0,7
1314,E99,9,139375.17,101200,0,0,#DIV/0!,0,6
1315,E99,10,69540.93,0,#DIV/0!,-101200,0.124055336,-101200,12
1316,E99,11,2333899.42,2240163.18,0.102599669,-12554.4,0,0,17
1317,E99,12,579180.25,229840,0,0,#DIV/0!,0,14
