,企业信誉级别,企业代号,month,价税总额,大单交易额,大单交易额增长率,退款总额,退款总额增长率,退款大单交易额（不用）,数量
0,,E1,1,324215052.1,319306064.2,0.502925177,-27524876.83,0.00151136,-27266561.38,155
1,,E1,2,163617903,160587059,3.987873472,-41600,317.7842546,0,93
2,,E1,3,644006626.8,640400872.6,0.410964189,-13219824.99,0.811558484,-13147427.15,146
3,,E1,4,265918233.8,263181825.4,1.385212519,-10728661.13,0.68745423,-10647262.53,127
4,,E1,5,367947537,364562759.2,1.039750684,-7375463.48,1.491949756,-7325463.48,139
5,,E1,6,381823298.8,379054378.3,0.822044508,-11003820.94,0.471568198,-11003820.94,152
6,,E1,7,315474351.6,311599570,1.13553607,-5189052.01,0.607035253,-5074720.01,168
7,,E1,8,358459044.6,353832551,1.871060514,-3149937.5,6.354181345,-2732223.5,165
8,,E1,9,667043651.9,662042114.9,0.54906182,-20015274.1,1.626247251,-19797293.1,164
9,,E1,10,370309951.6,363502048.2,1.586618561,-32549784.49,0.563904535,-32488168.49,174
10,,E1,11,583539003.8,576739096.6,0.60600227,-18354971.09,0.06100659,-18334477.09,178
11,,E1,12,356457289.7,349505201.8,0.555150871,-1119774.2,0,-1004728.7,206
12,,E10,1,194927405.6,194028117.3,0.101506646,0,,0,17
13,,E10,2,19695143.32,19695143.32,0.134460207,0,,0,8
14,,E10,3,2648213.05,2648213.05,0.735517484,-600000,,-600000,4
15,,E10,4,2067807,1947807,3.949035372,0,,0,3
16,,E10,5,7691958.74,7691958.74,1.954940384,0,,0,7
17,,E10,6,15037320.77,15037320.77,0.995679456,0,,0,11
18,,E10,7,15054688.52,14972351.36,2.346377378,0,,0,9
19,,E10,8,35339024.14,35130786.52,0.447268405,-472379.04,,-472379.04,12
20,,E10,9,15822471.85,15712890.85,0.864640259,0,,0,10
21,,E10,10,13645998.01,13585998.01,3.074996839,0,,0,9
22,,E10,11,41971900.94,41776900.94,0.40000327,0,,0,13
23,,E10,12,16796618.98,16710896.98,0,0,,0,9
24,,E100,1,72511,0,0,0,,0,5
25,,E100,2,13249.51,0,0,0,,0,3
26,,E100,3,48041,0,0,-4978.51,,0,4
27,,E100,4,66602.85,0,0,0,,0,4
28,,E100,5,29950.18,0,0,-34413,,0,4
29,,E100,6,64223.54,0,0,0,,0,4
30,,E100,7,74470.02,0,0,0,,0,2
31,,E100,8,255760.3,0,0,-48687.59,,0,4
32,,E100,9,4100,0,0,-15855,,0,2
33,,E100,10,18178.38,0,0,0,,0,4
34,,E100,11,7617.4,0,0,0,,0,2
35,,E100,12,56785.03,0,0,-24498,,0,4
36,,E101,4,82376,0,0,0,,0,1
37,,E101,6,522480.69,0,0,0,,0,2
38,,E101,11,121108.72,0,0,0,,0,1
39,,E102,1,47762.02,0,0,-31448.6,,0,12
40,,E102,2,14180.7,0,0,0,,0,14
41,,E102,3,33108.68,0,0,0,,0,7
42,,E102,4,7167.8,0,0,0,,0,3
43,,E102,5,88200.2,0,0,0,,0,16
44,,E102,6,19936.8,0,0,0,,0,3
45,,E102,7,69292.76,0,0,0,,0,8
46,,E102,8,39175.45,0,0,0,,0,7
47,,E102,9,28955.3,0,0,0,,0,10
48,,E102,10,4261.06,0,0,0,,0,10
49,,E102,11,69881.24,0,0,0,,0,26
50,,E102,12,43089,0,0,0,,0,2
51,,E103,1,23140.3,0,0,-7130,,0,3
52,,E103,2,226300,0,0,0,,0,2
53,,E103,3,247245.15,0,0,-7245.15,,0,2
54,,E103,5,112543.99,0,0,0,,0,2
55,,E103,6,20000,0,0,0,,0,1
56,,E103,7,125117.35,0,0,0,,0,2
57,,E103,8,19957.7,0,0,0,,0,3
58,,E103,9,7967,0,0,0,,0,1
59,,E103,10,43974.47,0,0,0,,0,3
60,,E103,11,124238.61,0,0,0,,0,3
61,,E103,12,1134785.17,0,0,0,,0,10
62,,E104,1,22230,0,0,0,,0,3
63,,E104,3,56000,0,0,0,,0,1
64,,E104,4,3000,0,0,0,,0,1
65,,E104,5,7000,0,0,0,,0,1
66,,E104,6,60200,0,0,0,,0,1
67,,E104,8,0,0,0,-60200,,0,1
68,,E104,9,29500,0,0,0,,0,1
69,,E104,11,80000,0,0,0,,0,2
70,,E104,12,32600,0,0,0,,0,2
71,,E105,1,162455.94,0,0,0,,0,20
72,,E105,2,72840,0,0,0,,0,9
73,,E105,3,61182,0,0,0,,0,6
74,,E105,4,30899.4,0,0,0,,0,3
75,,E105,5,58354,0,0,0,,0,8
76,,E105,6,40000,0,0,-10022,,0,8
77,,E105,7,29437.4,0,0,0,,0,4
78,,E105,8,20579.8,0,0,0,,0,2
79,,E105,9,127288.42,0,0,0,,0,4
80,,E105,10,93935.5,0,0,-7009,,0,6
81,,E105,11,74065.2,0,0,0,,0,7
82,,E105,12,191921.23,0,0,-9990.29,,0,25
83,,E106,1,74100,0,0,0,,0,9
84,,E106,2,53300,0,0,-19200,,0,7
85,,E106,3,18060,0,0,0,,0,5
86,,E106,4,17950,0,0,0,,0,6
87,,E106,5,34745,0,0,0,,0,11
88,,E106,6,48100,0,0,0,,0,8
89,,E106,7,75910,0,0,0,,0,23
90,,E106,8,91100,0,0,0,,0,8
91,,E106,9,34620,0,0,0,,0,5
92,,E106,10,56912.86,0,0,0,,0,12
93,,E106,11,72700,0,0,-400,,0,9
94,,E106,12,81700,0,0,-3000,,0,14
95,,E107,1,43500,0,0,0,,0,1
96,,E107,3,83500,0,0,0,,0,1
97,,E107,5,53500,0,0,0,,0,1
98,,E107,6,70000,0,0,0,,0,1
99,,E107,8,63500,0,0,0,,0,1
100,,E107,9,0,0,0,0,,0,1
101,,E107,10,600000,0,0,0,,0,1
102,,E107,11,25500,0,0,0,,0,1
103,,E108,5,39053,0,0,-1,,0,11
104,,E108,9,43900,0,0,0,,0,4
105,,E108,12,114262.26,0,0,0,,0,6
106,,E109,1,304464,0,0,0,,0,4
107,,E109,3,16020,0,0,0,,0,1
108,,E109,4,12030,0,0,0,,0,2
109,,E109,6,4620,0,0,0,,0,1
110,,E109,7,29566,0,0,0,,0,4
111,,E109,10,26674,0,0,0,,0,3
112,,E109,11,248015,0,0,0,,0,4
113,,E109,12,41654,0,0,0,,0,2
114,,E11,1,26838114.88,3150000,0,0,,0,4
115,,E11,2,5088161.1,0,0,0,,0,2
116,,E11,3,3063959.56,0,0,0,,0,2
117,,E11,4,11103681.49,0,0,0,,0,3
118,,E11,5,19259410.27,0,0,0,,0,3
119,,E11,6,19727018,15485254.36,0.722461759,0,,0,3
120,,E11,7,11279472.84,11187504.1,0.551906277,0,,0,3
121,,E11,8,14565265.66,6174453.74,1.941476228,0,,0,2
122,,E11,9,16987555.16,11987555.16,0.485503501,-100000,,0,3
123,,E11,10,10140863.23,5820000,0.904172285,0,,0,3
124,,E11,11,14029348.12,5262282.7,1.919319158,0,,0,3
125,,E11,12,14898949.4,10100000,0,0,,0,43
126,,E110,1,48324.02,0,0,0,,0,3
127,,E110,2,20321,0,0,0,,0,9
128,,E110,3,5788.66,0,0,0,,0,1
129,,E110,4,16236.78,0,0,0,,0,1
130,,E110,5,21126.63,0,0,0,,0,5
131,,E110,6,1440,0,0,0,,0,3
132,,E110,7,10498,0,0,0,,0,5
133,,E110,8,37256,0,0,0,,0,4
134,,E110,9,280,0,0,0,,0,1
135,,E110,10,49583,0,0,0,,0,6
136,,E110,11,27006,0,0,0,,0,6
137,,E110,12,37545.11,0,0,0,,0,8
138,,E111,1,-32759.8,0,0,-1283500,,0,5
139,,E111,2,34048.5,0,0,-359000,,0,5
140,,E111,3,85719.8,0,0,0,,0,3
141,,E111,4,273312,0,0,-5148.2,,0,4
142,,E111,5,243981,0,0,0,,0,5
143,,E111,6,447792,0,0,0,,0,4
144,,E111,7,105969,0,0,0,,0,4
145,,E111,8,87605.4,0,0,-404550,,0,9
146,,E111,9,124430.2,0,0,0,,0,4
147,,E111,10,77005.8,0,0,0,,0,5
148,,E111,11,68774.2,0,0,-14800,,0,5
149,,E111,12,151717.1,0,0,-20600,,0,4
150,,E112,3,77151.67,0,0,0,,0,1
151,,E112,4,38251.34,0,0,0,,0,1
152,,E112,5,550390.8,0,0,0,,0,1
153,,E112,6,199879.49,0,0,0,,0,1
154,,E112,7,196929.85,0,0,0,,0,1
155,,E112,10,246663.72,109289.78,1.984417939,-99305.53,,0,1
156,,E112,11,216876.6,216876.6,0,0,,0,1
157,,E112,12,152172.72,0,0,0,,0,2
158,,E113,1,196000,0,0,0,,0,1
159,,E113,3,11200,0,0,0,,0,1
160,,E113,8,33500,0,0,0,,0,1
161,,E113,9,100000,0,0,0,,0,1
162,,E114,1,63272,0,0,0,,0,5
163,,E114,2,25488,0,0,0,,0,2
164,,E114,3,18478,0,0,0,,0,3
165,,E114,4,51504,0,0,0,,0,7
166,,E114,5,5098,0,0,0,,0,2
167,,E114,6,4680,0,0,0,,0,3
168,,E114,7,11496,0,0,0,,0,4
169,,E114,8,6394,0,0,0,,0,1
170,,E114,9,18533,0,0,0,,0,4
171,,E114,10,26848.63,0,0,0,,0,4
172,,E114,11,8524,0,0,0,,0,3
173,,E114,12,21146.01,0,0,-4724,,0,5
174,,E115,9,79200,0,0,0,,0,3
175,,E115,10,12000,0,0,0,,0,1
176,,E115,11,17000,0,0,0,,0,1
177,,E116,1,8640,0,0,0,,0,1
178,,E116,4,60492.2,0,0,0,,0,3
179,,E116,5,8190,0,0,0,,0,4
180,,E116,6,36323,0,0,0,,0,4
181,,E116,7,20157,0,0,0,,0,3
182,,E116,9,67797.12,0,0,0,,0,6
183,,E116,11,9356,0,0,0,,0,2
184,,E116,12,54100,0,0,0,,0,3
185,,E117,1,116688,0,0,0,,0,1
186,,E117,2,72592,0,0,0,,0,1
187,,E117,3,29952,0,0,0,,0,1
188,,E117,4,71968,0,0,0,,0,1
189,,E117,5,21424,0,0,0,,0,1
190,,E117,6,22464,0,0,0,,0,1
191,,E117,7,24544,0,0,0,,0,1
192,,E117,8,22464,0,0,0,,0,1
193,,E117,12,336848,0,0,0,,0,1
194,,E118,1,21541,0,0,0,,0,16
195,,E118,2,70011,0,0,0,,0,3
196,,E118,3,15929,0,0,0,,0,11
197,,E118,4,36695.82,0,0,0,,0,15
198,,E118,5,28453.58,0,0,0,,0,10
199,,E118,6,19955.8,0,0,0,,0,15
200,,E118,7,25808,0,0,0,,0,12
201,,E118,8,4308,0,0,0,,0,3
202,,E118,9,1447,0,0,0,,0,2
203,,E118,10,15686,0,0,-517,,0,9
204,,E118,11,59653,0,0,0,,0,8
205,,E118,12,23287,0,0,0,,0,23
206,,E119,6,3502,0,0,0,,0,3
207,,E119,7,7200,0,0,0,,0,3
208,,E119,8,16880,0,0,0,,0,8
209,,E119,9,7200,0,0,0,,0,3
210,,E119,10,2460,0,0,0,,0,1
211,,E119,11,0,0,0,0,,0,2
212,,E12,1,100931871.8,100831871.8,0.375753909,0,,0,5
213,,E12,2,37987970,37887970,0.306335685,-1000000,,-1000000,2
214,,E12,3,11606437.25,11606437.25,0.211257524,0,,0,1
215,,E12,4,2451947.2,2451947.2,7.096400771,0,,0,1
216,,E12,5,17400000,17400000,0.06816092,0,,0,2
217,,E12,6,1186000,1186000,1.686340641,0,,0,1
218,,E12,7,2000000,2000000,22.26144083,0,,0,1
219,,E12,8,44522881.66,44522881.66,0.134786527,0,,0,4
220,,E12,9,6001084.58,6001084.58,0.066654618,0,,0,1
221,,E12,10,400000,400000,97.737,0,,0,1
222,,E12,12,39094800,39094800,0,0,,0,3
223,,E120,3,2400,0,0,0,,0,21
224,,E120,5,38000,0,0,0,,0,1
225,,E120,6,12250,0,0,0,,0,1
226,,E120,10,78000,0,0,0,,0,1
227,,E120,11,64004,0,0,0,,0,3
228,,E120,12,1739.42,0,0,0,,0,1
229,,E121,1,5552.11,0,0,0,,0,10
230,,E121,2,3018.48,0,0,0,,0,6
231,,E121,3,11170.33,0,0,0,,0,12
232,,E121,4,9057,0,0,0,,0,10
233,,E121,5,3494.82,0,0,0,,0,7
234,,E121,6,6171.58,0,0,0,,0,8
235,,E121,7,4479.89,0,0,0,,0,7
236,,E121,8,13352.49,0,0,0,,0,20
237,,E121,9,21844.48,0,0,0,,0,17
238,,E121,10,9465.24,0,0,0,,0,13
239,,E121,11,17661.02,0,0,0,,0,11
240,,E121,12,12525.32,0,0,0,,0,17
241,,E122,1,3216.02,0,0,0,,0,9
242,,E122,2,188.98,0,0,0,,0,1
243,,E122,3,6671.42,0,0,0,,0,11
244,,E122,4,15295.42,0,0,0,,0,7
245,,E122,5,10503.91,0,0,0,,0,6
246,,E122,6,7829.04,0,0,0,,0,8
247,,E122,7,1538.83,0,0,0,,0,5
248,,E122,8,7021.5,0,0,-248,,0,12
249,,E122,9,283.86,0,0,0,,0,1
250,,E122,10,24159.92,0,0,-1802,,0,13
251,,E122,11,3476.47,0,0,0,,0,11
252,,E122,12,7303.69,0,0,0,,0,10
253,,E123,1,439.5,0,0,0,,0,1
254,,E123,3,4415.5,0,0,0,,0,1
255,,E123,4,40506,0,0,0,,0,1
256,,E123,5,147181,0,0,0,,0,3
257,,E123,6,524,0,0,0,,0,1
258,,E123,7,1875,0,0,0,,0,1
259,,E123,8,19332.2,0,0,0,,0,2
260,,E123,11,0,0,0,0,,0,2
261,,E123,12,52895,0,0,0,,0,3
262,,E13,1,17510600.94,11480328.42,0.701537139,-25773.5,,0,517
263,,E13,2,12604821.69,8053876.75,2.060219342,-5350,,0,385
264,,E13,3,22387377.5,16592752.66,0.730891014,-56228,,0,488
265,,E13,4,17451456.88,12127493.81,0.66411152,-82545,,0,418
266,,E13,5,13228756.37,8054008.35,1.763572063,-257039.38,,0,459
267,,E13,6,18744252.86,14203824.12,0.308237092,-72428.5,,0,382
268,,E13,7,9818265.02,4378145.44,3.72232126,-388576,,-350600,377
269,,E13,8,22648664.94,16296863.85,0.706407288,-339478.1,,-179900,446
270,,E13,9,16532193.93,11512223.4,2.599125886,-2365887.8,,-2270000,382
271,,E13,10,34583199.64,29921717.85,0.795201103,-151672.6,,0,431
272,,E13,11,29524262.44,23793783.05,2.274009926,-667041,,-455800,381
273,,E13,12,60418842.43,54107298.83,0.351333876,-54822.35,,0,364
274,,E14,1,24766331.8,19009727,0.433760464,-739150,,-715250,178
275,,E14,2,10536295,8245668,1.609862132,-40190,,0,89
276,,E14,3,19203734.67,13274388.67,1.343541219,-37144,,0,186
277,,E14,4,21966302.62,17834688.33,0.569140665,-383804.67,,-259799.67,168
278,,E14,5,15917458.86,10150446.37,1.185326172,-176600,,0,166
279,,E14,6,18009917.66,12031589.74,1.313384685,-119280,,0,164
280,,E14,7,20832142.7,15802105.7,1.020009731,-156710,,-156710,162
281,,E14,8,22222902.94,16118301.59,0.947662129,-33060,,0,176
282,,E14,9,21698324.73,15274704,1.159193703,-262470,,-167900,198
283,,E14,10,22708601.41,17706340.69,1.611185732,-36000,,0,194
284,,E14,11,36198407.64,28528203.49,0.857648079,-444355,,-291000,203
285,,E14,12,30916966.62,24467158.92,0,-178455,,-112920,209
286,,E15,1,27793515.41,0,0,0,,0,2
287,,E15,3,8687619.7,0,0,0,,0,2
288,,E15,4,8001736.92,0,0,0,,0,1
289,,E15,5,7792069.7,0,0,0,,0,2
290,,E15,6,31238169.98,0,0,0,,0,2
291,,E15,7,20380770.81,0,0,0,,0,2
292,,E15,8,26041961.38,0,0,0,,0,2
293,,E15,9,14176607.08,0,0,0,,0,2
294,,E15,10,22738651,0,0,0,,0,2
295,,E15,11,3945919,0,0,0,,0,1
296,,E15,12,63382392.03,0,0,0,,0,2
297,,E16,1,23421338.08,23195588.08,0.637414037,0,,0,15
298,,E16,2,14905193.43,14785193.43,0.13774937,0,,0,11
299,,E16,3,2353206.08,2036651.08,4.927025271,0,,0,7
300,,E16,4,10094631.34,10034631.34,3.178982915,0,,0,9
301,,E16,5,32019921.59,31899921.59,0.361529376,0,,0,10
302,,E16,6,11888566.75,11532758.75,0.549171302,0,,0,8
303,,E16,7,6715924.29,6333460.14,3.258770613,0,,0,7
304,,E16,8,20761293.78,20639293.78,0.286237198,0,,0,9
305,,E16,9,6288500.62,5907733.62,6.000127042,0,,0,14
306,,E16,10,35567152.25,35447152.25,0.533888074,0,,0,15
307,,E16,11,19350941.04,18924811.86,2.859295014,0,,0,16
308,,E16,12,54657966.19,54111620.19,0.453334671,0,,0,27
309,,E17,1,25968231.47,24530673.55,0.477416281,0,,0,50
310,,E17,2,11752672.94,11711342.94,0.989279676,-1467039.7,,-1388039.7,20
311,,E17,3,11873703.5,11585793.55,1.03233611,0,,0,19
312,,E17,4,12160078.63,11960433.04,1.378244712,0,,0,16
313,,E17,5,16992496.55,16484403.59,0.616045466,0,,0,25
314,,E17,6,11084087.43,10155142.09,2.606957132,-133153.34,,-133153.34,25
315,,E17,7,27574364.27,26474020.1,0.873540882,0,,0,32
316,,E17,8,23761039.86,23126138.86,0.858250682,-72960,,0,37
317,,E17,9,20677837.96,19848024.46,0.56519157,0,,0,42
318,,E17,10,11830566.1,11217936.1,0.738805875,-1387900.44,,-1344099,38
319,,E17,11,9268808.82,8287877.1,2.053957092,-3000,,0,35
320,,E17,12,18684983.35,17022943.95,2.96581514,-344099,,-344099,50
321,,E18,1,50785471.9,50486904.9,0.110609985,0,,0,22
322,,E18,2,5615115.44,5584355.81,1.621180596,0,,0,4
323,,E18,3,9446757.18,9053249.28,1.14407122,-320000,,-320000,13
324,,E18,4,10451823.41,10357561.95,1.701389071,-750040.1,,-750040.1,11
325,,E18,5,17722242.7,17622242.7,0.990059842,0,,0,11
326,,E18,6,17554871.25,17447074.82,1.239694581,0,,0,13
327,,E18,7,21888819.26,21629044.11,0.639269327,0,,0,12
328,,E18,8,13926784.48,13826784.48,1.15943568,0,,0,8
329,,E18,9,16307499.86,16031267.26,1.045873105,0,,0,10
330,,E18,10,17166864.91,16766671.27,0.902638452,0,,0,12
331,,E18,11,15204242.2,15134242.2,1.408566457,0,,0,10
332,,E18,12,21404045.88,21317585.92,0.631746938,0,,0,18
333,,E19,1,24390008.08,13467319.62,0.369303444,-187891.4,,0,115
334,,E19,2,8703741.32,4973527.52,1.949202953,-924850.01,,-786409.65,48
335,,E19,3,19793696.64,9694414.53,1.19125603,-186883.83,,0,110
336,,E19,4,20144146.52,11548529.77,0.499639105,-415653.7,,0,114
337,,E19,5,14072601.83,5770097.08,1.537618993,0,,0,86
338,,E19,6,19924452.95,8872210.86,1.073716146,-115940,,-115940,106
339,,E19,7,18674152.01,9526236.05,1.358689838,-1518418.13,,-1153791.58,89
340,,E19,8,22129946.54,12943200.12,0.947043683,-6200,,0,100
341,,E19,9,20576755.67,12257775.91,0.79054447,-837721.06,,-437548,90
342,,E19,10,16714159.42,9690316.96,0.974736532,-38155.6,,0,101
343,,E19,11,21903255.22,9445505.95,1.386423162,-663799.78,,-437548,111
344,,E19,12,23812737.34,13095468.23,0,-23839.5,,0,118
345,,E2,1,148932074.1,0,0,-3556728.6,,0,413
346,,E2,2,17179612.76,0,0,-752932,,0,117
347,,E2,3,24705411.63,0,0,-611905,,0,223
348,,E2,4,22171288.86,0,0,-124740.53,,0,231
349,,E2,5,32229684.25,0,0,-1277712,,0,268
350,,E2,6,62829734.77,0,0,-1165445.46,,0,307
351,,E2,7,62799965.77,0,0,-581626.5,,0,275
352,,E2,8,43156547.54,0,0,-1100769.18,,0,289
353,,E2,9,45899617.01,0,0,-1069784,,0,263
354,,E2,10,47608207.33,0,0,-2253811,,0,239
355,,E2,11,79723280.16,0,0,-5133663.02,,0,330
356,,E2,12,107472762.6,0,0,-2611643.78,,0,373
357,,E20,1,14861758.97,14508830.99,1.176872217,0,,0,5
358,,E20,2,17791350.62,17075040.1,0.250540776,0,,0,4
359,,E20,3,5170752.2,4277993.8,2.650590316,0,,0,3
360,,E20,4,11783835.21,11339208.94,1.328087429,0,,0,4
361,,E20,5,15419903.48,15059460.85,1.389030538,0,,0,5
362,,E20,6,20988151.01,20918051.01,1.249204455,0,,0,5
363,,E20,7,26177161.33,26130922.51,1.080933819,0,,0,6
364,,E20,8,28429697.57,28245797.86,0.760269388,0,,0,9
365,,E20,9,21832342.62,21474415.45,0.831629241,0,,0,8
366,,E20,10,17879152.82,17858751.82,1.592839057,0,,0,3
367,,E20,11,29115516.13,28446117.4,0.913798654,0,,0,10
368,,E20,12,27789437.6,25994023.78,0,0,,0,14
369,,E21,1,11681727.73,0,0,0,,0,24
370,,E21,2,9869382.57,0,0,0,,0,26
371,,E21,3,12390990,0,0,0,,0,16
372,,E21,4,10808251.06,314788.06,0,0,,0,21
373,,E21,5,1281822.8,0,0,0,,0,12
374,,E21,6,7265215.57,0,0,0,,0,13
375,,E21,7,2124244.01,0,0,0,,0,15
376,,E21,8,10605549.72,0,0,0,,0,57
377,,E21,9,10296034.98,0,0,0,,0,24
378,,E21,10,8528954.94,0,0,-4489290.75,,0,75
379,,E21,11,21647157.85,0,0,0,,0,32
380,,E21,12,26600116.61,0,0,0,,0,59
381,,E22,1,13787193.74,8978554.56,0.519355688,-290976.3,,0,17
382,,E22,2,7689634.18,4663063.38,0.9876648,0,,0,8
383,,E22,3,9190937.9,4605543.56,1.512728096,0,,0,16
384,,E22,4,10688006.06,6966935.14,1.805500842,-124410,,0,8
385,,E22,5,16357707.56,12578807.26,0.931070288,0,,0,12
386,,E22,6,16060482.16,11711753.7,1.052156776,0,,0,10
387,,E22,7,17275385.42,12322601.02,1.029709718,0,,0,12
388,,E22,8,18376030.18,12688702.02,0.400028076,-90000,,0,14
389,,E22,9,7459546.5,5075837.06,1.633973534,0,,0,10
390,,E22,10,11790203.3,8293783.42,0.4402386,-147862.4,,0,14
391,,E22,11,6123377.14,3651243.6,0.821081677,0,,0,7
392,,E22,12,6017190.42,2997969.22,3.487804061,0,,0,9
393,,E23,1,18664138.31,10456329.22,0.952575916,0,,0,52
394,,E23,2,17806416.14,9960447.38,1.363637865,0,,0,46
395,,E23,3,22303124.4,13582443.2,0.852358118,-517229.31,,-327014.96,53
396,,E23,4,21955902.36,11577105.72,0.651849877,-298249.79,,0,56
397,,E23,5,15944332.09,7546534.94,0.762848928,-291953.69,,0,51
398,,E23,6,15152900.95,5756866.09,1.112717237,-21228.65,,0,56
399,,E23,7,15384568.68,6405764.13,0.707101972,-150386.73,,0,58
400,,E23,8,13085839.33,4529528.45,1.614068524,-98.64,,0,58
401,,E23,9,15199433.04,7310969.3,1.342857577,-5162.6,,0,56
402,,E23,10,20663620.33,9817590.52,0.954761377,-2299.1,,0,57
403,,E23,11,18435082.86,9373456.24,1.305551288,0,,0,59
404,,E23,12,21057969.87,12237527.87,0.819706454,0,,0,49
405,,E24,1,28614285.55,10031180.58,0.188944694,-246280.1,,-207843,24
406,,E24,2,2980048.18,1895338.35,1.215614088,0,,0,6
407,,E24,3,4536823.3,2304000,1.095962674,0,,0,9
408,,E24,4,7489524.79,2525098,1.645084666,-130000,,0,12
409,,E24,5,15585399.26,4154000,2.971181993,-130122.84,,0,12
410,,E24,6,16953400.43,12342290,1.128704641,-666795,,0,14
411,,E24,7,18894277.82,13930800,0.645806878,0,,0,9
412,,E24,8,12830581.1,8996606.45,1.031908348,0,,0,8
413,,E24,9,13430534.82,9283673.3,0.664053833,0,,0,13
414,,E24,10,12966651.99,6164858.84,1.529994881,-200000,,0,12
415,,E24,11,15677403.14,9432202.47,1.310719489,-845249.48,,-324000,17
416,,E24,12,17726684.93,12362971.6,0.273067844,-38132.81,,0,18
417,,E25,1,4846540,3375930,0.126720637,0,,0,36
418,,E25,2,1192237.96,427800,1.958345021,-12000,,0,18
419,,E25,3,1392825,837780,1.948840985,0,,0,30
420,,E25,4,2280722,1632700,0.940405463,0,,0,24
421,,E25,5,3859227.5,1535400,2.567930181,-54100,,0,40
422,,E25,6,5612899.8,3942800,0.635259207,-46300,,0,31
423,,E25,7,3333416.5,2504700,0.456417934,-4710,,0,34
424,,E25,8,1946048.64,1143190,4.661945958,-16800,,0,37
425,,E25,9,6414305,5329490,0.527877902,0,,0,28
426,,E25,10,5087755.77,2813320,0.278006057,-11350,,0,39
427,,E25,11,1728183.72,782120,12.02638981,-76540,,0,33
428,,E25,12,10876745.17,9406080,0.316559245,-357700,,-213700,63
429,,E26,1,5158104.63,2977581.58,0.14777093,0,,0,9
430,,E26,2,2151309,440000,7.997727273,0,,0,5
431,,E26,3,5402715.15,3519000,0.187553282,0,,0,10
432,,E26,4,3310443.02,660000,3.670970621,0,,0,8
433,,E26,5,3418276.13,2422840.61,1.128512494,0,,0,7
434,,E26,6,3586568.96,2734205.9,0.518156661,0,,0,7
435,,E26,7,3926169,1416747,1.091678331,0,,0,9
436,,E26,8,3314205.1,1546632,1.426781122,0,,0,13
437,,E26,9,4815428.65,2206705.34,1.304377036,-61772,,0,13
438,,E26,10,4326159.89,2878375.77,0.764193912,0,,0,8
439,,E26,11,4062861.08,2199637.24,0.451313054,0,,0,12
440,,E26,12,3386589.66,992725,1.635648019,0,,0,12
441,,E27,1,3878048.26,1623748.68,1.906085115,0,,0,41
442,,E27,2,5702024.41,3095003.19,0.518841575,-12270,,0,37
443,,E27,3,3965198.43,1605816.33,0.446251602,0,,0,36
444,,E27,4,3937803.49,716598.11,0.877959433,0,,0,43
445,,E27,5,2380020.83,629144.07,1.328765016,-927.86,,0,37
446,,E27,6,4776968.06,835984.63,0.250878656,-150354.43,,0,64
447,,E27,7,1898298.48,209730.7,3.991588213,-1284.98,,0,45
448,,E27,8,3861526.47,837158.59,2.208879324,-40689.22,,0,60
449,,E27,9,5496683.38,1849182.3,0.566199265,-83263.65,,0,57
450,,E27,10,4855104.55,1047005.66,2.421716135,-8506.32,,0,42
451,,E27,11,6500947.61,2535550.5,0.165959057,-18005.1,,0,57
452,,E27,12,3491158.96,420797.57,1.194636176,0,,0,54
453,,E28,1,11284567.48,502700,4.228963597,0,,0,4
454,,E28,2,3625885,2125900,0.469448234,0,,0,2
455,,E28,3,6067985,998000,0,0,,0,4
456,,E28,4,5599985,0,#DIV/0!,0,,0,3
457,,E28,5,1984533.45,502800,0,0,,0,2
458,,E28,6,289875.3,0,#DIV/0!,0,,0,2
459,,E28,7,1413712,0,#DIV/0!,0,,0,1
460,,E28,8,1255792.77,0,#DIV/0!,0,,0,3
461,,E28,9,6692797.78,0,#DIV/0!,0,,0,3
462,,E28,10,5672110.2,0,#DIV/0!,0,,0,2
463,,E28,11,8609106.67,221053.9,0,0,,0,3
464,,E28,12,6287813.15,0,#DIV/0!,0,,0,3
465,,E29,1,2000000,0,#DIV/0!,0,,0,1
466,,E29,5,204300,204300,0,0,,0,1
467,,E29,6,400000,0,#DIV/0!,0,,0,1
468,,E29,7,2300000,0,#DIV/0!,0,,0,2
469,,E29,8,5147802.81,756000,0,0,,0,3
470,,E29,9,2200000,0,#DIV/0!,0,,0,2
471,,E29,10,3865065.93,1467836.76,3.802193917,0,,0,2
472,,E29,11,18507561.78,5581000,0.699894318,0,,0,4
473,,E29,12,12859648.26,3906110.19,24.26064763,0,,0,3
474,,E3,1,129983061,94764762.93,0.919190807,-28574151.81,,-19679092.11,97
475,,E3,2,95150633.32,87106898.87,0.670313623,-20601821.61,,-13395915.46,81
476,,E3,3,73565745.83,58388940.97,1.049419513,-23076570.23,,-15081653.16,76
477,,E3,4,70498441.76,61274493.97,0.585387097,-16089585.04,,-8154135.95,79
478,,E3,5,46950378.11,35869298.16,0.755200568,-18353923.16,,-11420992.68,79
479,,E3,6,35538757.01,27088514.33,0.5813703,-21253633.86,,-14709578.72,78
480,,E3,7,25537421.04,15748457.71,0.999629327,-18949539.79,,-11337625.65,77
481,,E3,8,26924189.07,15742620.18,1.933326564,-16904072.76,,-10032392.89,68
482,,E3,9,49141174.42,30435625.78,0.882883477,-17793318.92,,-11232805.12,72
483,,E3,10,42009298.39,26871111.1,1.068046818,-20913837.86,,-13530771.08,63
484,,E3,11,49284380.01,28699604.7,0.948739609,-19511225.19,,-12539497.1,71
485,,E3,12,38156308.02,27228451.73,0.633106458,-16322713.93,,-8995740.52,76
486,,E30,1,17594898.86,17238508.64,0.334599688,0,,0,4
487,,E30,2,5768975.99,5767999.62,0.461858519,0,,0,2
488,,E30,4,3175698.76,2663999.76,1.414039039,0,,0,2
489,,E30,5,4080050.39,3766999.66,1.160611902,0,,0,3
490,,E30,6,6553755.39,4372024.64,1.764399777,0,,0,4
491,,E30,7,8541035.2,7713999.3,1.284103019,0,,0,4
492,,E30,8,10879280.45,9905569.79,0.156881421,0,,0,5
493,,E30,9,1804546.39,1553999.86,4.575656918,0,,0,2
494,,E30,10,7688148.06,7110570.21,1.636999362,0,,0,4
495,,E30,11,12595850.13,11639998.9,0.419072167,0,,0,4
496,,E30,12,5102786.68,4877999.56,0.223951554,0,,0,2
497,,E31,1,5696528.04,1092435.58,0.72237368,-588,,0,72
498,,E31,2,3107467.74,789146.71,1.546657947,0,,0,59
499,,E31,3,4495312.26,1220540.03,0.348523137,-840,,0,69
500,,E31,4,3397979.31,425386.44,2.279536226,-5760,,0,71
501,,E31,5,4355064.32,969683.8,0.532095514,0,,0,68
502,,E31,6,3797846.05,515964.4,1.185707231,0,,0,77
503,,E31,7,3837932.14,611782.72,1.978376343,0,,0,79
504,,E31,8,4690401.21,1210336.46,3.290530907,-11897,,0,74
505,,E31,9,8306324.47,3982649.53,0.297212102,0,,0,73
506,,E31,10,5493697.24,1183691.64,0.838093568,0,,0,71
507,,E31,11,4107579.49,992044.35,1.596144366,0,,0,58
508,,E31,12,5180105.88,1583446,0,-10648,,0,81
509,,E32,1,9121708,0,#DIV/0!,0,,0,3
510,,E32,2,2900000,0,#DIV/0!,0,,0,2
511,,E32,3,3000000,0,#DIV/0!,0,,0,2
512,,E32,4,1327000,0,#DIV/0!,0,,0,1
513,,E32,5,3200000,0,#DIV/0!,0,,0,2
514,,E32,6,1600000,0,#DIV/0!,0,,0,1
515,,E32,7,4800000,0,#DIV/0!,0,,0,2
516,,E32,8,7907624.4,0,#DIV/0!,0,,0,4
517,,E32,9,3100000,0,#DIV/0!,0,,0,1
518,,E32,10,4288800,0,#DIV/0!,-200000,,0,2
519,,E32,11,352000,0,#DIV/0!,0,,0,4
520,,E32,12,7129973.08,0,#DIV/0!,0,,0,3
521,,E33,1,18141636.75,0,#DIV/0!,0,,0,26
522,,E33,2,5055386.24,0,#DIV/0!,0,,0,11
523,,E33,3,3413284.77,0,#DIV/0!,0,,0,8
524,,E33,4,3980556.72,0,#DIV/0!,0,,0,12
525,,E33,5,8043289.54,0,#DIV/0!,0,,0,17
526,,E33,6,6928314.06,0,#DIV/0!,0,,0,21
527,,E33,7,4924491.01,0,#DIV/0!,-1217659.71,,0,22
528,,E33,8,3692093.11,0,#DIV/0!,0,,0,14
529,,E33,9,3905500.89,0,#DIV/0!,0,,0,10
530,,E33,10,5470786.55,0,#DIV/0!,0,,0,12
531,,E33,11,9799987.08,0,#DIV/0!,0,,0,20
532,,E33,12,14091411.03,0,#DIV/0!,-100000,,0,20
533,,E34,1,1167770.32,878477.29,0.74182908,0,,0,6
534,,E34,2,5622088.57,651680,0,0,,0,17
535,,E34,3,1667643.41,0,#DIV/0!,0,,0,11
536,,E34,4,2052395.54,166000,10.23204187,0,,0,4
537,,E34,5,16634811.71,1698518.95,2.35499286,-100000,,0,7
538,,E34,6,4349344,4000000,0.37815,0,,0,5
539,,E34,7,3870623.28,1512600,1.223422875,0,,0,5
540,,E34,8,3727541.85,1850549.44,2.208032875,0,,0,8
541,,E34,9,6784273.68,4086074,2.752030433,0,,0,17
542,,E34,10,12284728.8,11245000,0.881339036,0,,0,6
543,,E34,11,16556860.05,9910657.46,1.340786103,0,,0,13
544,,E34,12,26233904.09,13288071.79,0.031175721,-164764.42,,0,14
545,,E35,1,2517934.87,414265.22,2.325439365,0,,0,12
546,,E35,2,3141304.86,963348.65,0.548616433,0,,0,7
547,,E35,3,2049508.6,528508.9,3.073980533,-11600,,0,7
548,,E35,4,3880291.03,1624626.07,0.461551746,0,,0,13
549,,E35,5,3060112.85,749849,1.583023915,0,,0,11
550,,E35,6,3518367.1,1187028.9,0.18289163,0,,0,13
551,,E35,7,4137893.19,217097.65,4.896097033,-7980,,0,14
552,,E35,8,4209478.1,1062931.16,0.685003326,0,,0,12
553,,E35,9,3918003.22,728111.38,1.893703104,0,,0,14
554,,E35,10,5547493.72,1378826.78,0.39441285,0,,0,13
555,,E35,11,2091614.7,543827,0.802422057,0,,0,11
556,,E35,12,2160951.57,436378.78,0,0,,0,10
557,,E36,1,2775488.82,0,#DIV/0!,-170566.85,,0,82
558,,E36,2,1111756.47,438632,0.717159122,0,,0,14
559,,E36,3,3207626.21,314568.94,3.666548198,0,,0,54
560,,E36,4,4785478.85,1153382.18,0.570728976,-4436.8,,0,81
561,,E36,5,3748375.05,658268.63,1.486150677,-309820,,0,69
562,,E36,6,3912839.84,978286.37,0.748437556,-17230.43,,0,59
563,,E36,7,3900081.68,732186.26,0.437254436,-353220.17,,-105250,67
564,,E36,8,4589167.98,320151.69,0.659599423,-74109,,0,83
565,,E36,9,3458557.5,211171.87,2.522135169,-69840,,0,67
566,,E36,10,3697987.23,532604,2.046351473,0,,0,71
567,,E36,11,5379454.37,1089894.98,0.184843497,0,,0,83
568,,E36,12,2853952.65,201460,32.66235585,-9335,,0,73
569,,E37,1,12414446.27,6580158.21,0.117688204,0,,0,68
570,,E37,2,2872742.3,774407,2.221702541,0,,0,23
571,,E37,3,3663359.37,1720502,0.874773177,-503280,,0,37
572,,E37,4,2735918.2,1505049,1.378862748,0,,0,30
573,,E37,5,3141138.14,2075256,0.524191719,0,,0,27
574,,E37,6,5208942.93,1087832.01,0.307627186,-11396.75,,0,44
575,,E37,7,2840557.5,334646.7,3.27299824,0,,0,30
576,,E37,8,3672179.53,1095298.06,2.140614738,0,,0,35
577,,E37,9,5189407.07,2344611.17,0.425830523,0,,0,42
578,,E37,10,4058510.25,998407,1.49722533,-9592.96,,0,48
579,,E37,11,4182702.51,1494840.25,1.192471838,0,,0,47
580,,E37,12,6036340.18,1782554.9,0,-50000,,0,62
581,,E38,1,7109623.12,0,#DIV/0!,0,,0,2
582,,E38,2,4210000.03,0,#DIV/0!,0,,0,2
583,,E38,3,404268.5,0,#DIV/0!,0,,0,2
584,,E38,4,4167830.3,0,#DIV/0!,0,,0,2
585,,E38,5,2942955.51,101664.09,0,0,,0,2
586,,E38,6,659183,0,#DIV/0!,0,,0,1
587,,E38,7,488964,0,#DIV/0!,0,,0,1
588,,E38,8,14643546.39,0,#DIV/0!,0,,0,6
589,,E38,9,8548541.07,0,#DIV/0!,0,,0,4
590,,E38,10,4394577.05,0,#DIV/0!,0,,0,4
591,,E38,11,2211232.62,0,#DIV/0!,-400000,,0,4
592,,E38,12,6700759.4,0,#DIV/0!,0,,0,5
593,,E39,1,10193213,9434702.4,0,0,,0,2
594,,E39,2,207031,0,#DIV/0!,0,,0,1
595,,E39,3,3113544.6,2981544.6,0.644262635,0,,0,1
596,,E39,4,4200321.78,1920897.78,0.052579581,0,,0,1
597,,E39,5,431693,101000,11.31867327,0,,0,1
598,,E39,6,1400118,1143186,3.149612574,-99172,,0,1
599,,E39,7,3858660,3600593,0.416834283,0,,0,1
600,,E39,8,2602196.6,1500850.6,3.413876238,-307218,,-211495,1
601,,E39,9,6082157.2,5123718.2,0.242336122,0,,0,1
602,,E39,10,1586834,1241662,0.290312501,0,,0,1
603,,E39,11,548603,360470,5.424228091,0,,0,1
604,,E39,12,2223271.5,1955271.5,89.48420534,0,,0,1
605,,E4,1,175121961.2,174965916.4,1.76548506,0,,0,9
606,,E4,2,309063128.9,308899711.5,0.974633511,0,,0,7
607,,E4,3,301151578.5,301064010.4,0.653593385,0,,0,7
608,,E4,4,197035382.9,196773445.7,0.905536176,0,,0,6
609,,E4,5,178246629.3,178185473.6,3.455843596,0,,0,7
610,,E4,6,615864252.8,615781127.8,0.143411857,0,,0,8
611,,E4,7,88310315.11,88310315.11,0.323731515,-4090831.22,,-4090831.22,8
612,,E4,8,28657236.3,28588832.11,2.083983257,0,,0,6
613,,E4,9,59737386.76,59578647.46,1.172298525,0,,0,5
614,,E4,10,69843960.56,69843960.56,2.275930761,-2429750,,-2429750,8
615,,E4,11,159327395.1,158960018.3,1.026854778,-1891440,,-1891440,11
616,,E4,12,163271448.2,163228854.3,0,0,,0,11
617,,E40,1,1287979.86,0,#DIV/0!,-120000,,0,36
618,,E40,2,1480745.14,0,#DIV/0!,-363996,,0,41
619,,E40,3,870011.42,0,#DIV/0!,-263390,,0,27
620,,E40,4,1643224.1,0,#DIV/0!,-10400,,0,31
621,,E40,5,1857349.51,0,#DIV/0!,-320000,,0,91
622,,E40,6,4324251.5,0,#DIV/0!,-341145,,0,65
623,,E40,7,2181791.91,0,#DIV/0!,-64184,,0,51
624,,E40,8,1848636.81,0,#DIV/0!,-267714,,0,51
625,,E40,9,4289150.09,0,#DIV/0!,-415000,,0,88
626,,E40,10,3430685.45,0,#DIV/0!,0,,0,49
627,,E40,11,1662042.85,0,#DIV/0!,-400000,,0,49
628,,E40,12,11168713.23,0,#DIV/0!,-212395,,0,114
629,,E41,1,3809473.68,0,#DIV/0!,0,,0,9
630,,E41,2,3009489.66,0,#DIV/0!,0,,0,8
631,,E41,3,989478.48,0,#DIV/0!,0,,0,7
632,,E41,4,3324745.82,0,#DIV/0!,-10350,,0,9
633,,E41,5,3894387.23,0,#DIV/0!,-74281.23,,0,10
634,,E41,6,3607357.48,0,#DIV/0!,-160291.85,,0,10
635,,E41,7,2642312.96,0,#DIV/0!,-73951.25,,0,8
636,,E41,8,2630500.12,0,#DIV/0!,-5442.8,,0,8
637,,E41,9,3156537.32,0,#DIV/0!,-53301.73,,0,7
638,,E41,10,3617049.79,0,#DIV/0!,-97355.32,,0,9
639,,E41,11,3159987.85,0,#DIV/0!,-219696.85,,0,9
640,,E41,12,2753009.56,0,#DIV/0!,-492560,,0,7
641,,E42,1,4404750.9,0,#DIV/0!,0,,0,6
642,,E42,2,28600,0,#DIV/0!,0,,0,1
643,,E42,3,1926365.05,0,#DIV/0!,-286000,,0,4
644,,E42,5,3820875.85,0,#DIV/0!,0,,0,3
645,,E42,6,2362550.45,0,#DIV/0!,0,,0,2
646,,E42,7,2984290,0,#DIV/0!,0,,0,4
647,,E42,8,218700,0,#DIV/0!,0,,0,2
648,,E42,9,3055020,0,#DIV/0!,0,,0,3
649,,E42,10,674200,0,#DIV/0!,0,,0,3
650,,E42,11,2807138,0,#DIV/0!,0,,0,2
651,,E42,12,7049622.15,0,#DIV/0!,-291600,,0,10
652,,E43,1,2299074.53,2180178,0.45,0,,0,1
653,,E43,4,1000000,981080.1,0.550505051,0,,0,1
654,,E43,5,600000,540089.55,2.6,0,,0,1
655,,E43,6,1500000,1404232.83,1.755434403,0,,0,1
656,,E43,7,2785789.97,2465038.62,1.692323664,0,,0,2
657,,E43,8,4448613.2,4171643.19,0.322390919,0,,0,4
658,,E43,9,3727338.4,1344899.88,1.746300937,0,,0,4
659,,E43,10,2704423.41,2348599.92,0.417312456,-463186.3,,-411999.96,3
660,,E43,11,1104211.45,980100,2.031626599,0,,0,3
661,,E43,12,2454580.62,1991197.23,0,0,,0,2
662,,E44,1,3821932.97,0,#DIV/0!,0,,0,11
663,,E44,2,5460024.28,3403264.44,0.06498165,0,,0,11
664,,E44,3,2375094.97,221149.74,0.495162644,-147283.31,,0,11
665,,E44,4,1796421.17,109505.09,2.97334891,-128076.2,,0,10
666,,E44,5,1922022.73,325596.84,2.656872407,-79131.65,,0,10
667,,E44,6,2700183.26,865069.26,0.484686717,-99921.17,,0,8
668,,E44,7,2292938.87,419287.58,1.019840583,0,,0,9
669,,E44,8,2251415.36,427606.49,1.783972339,-23159.9,,0,6
670,,E44,9,2520967.99,762838.15,1.864674794,0,,0,7
671,,E44,10,3203252.31,1422445.07,1.000990056,-3433,,0,8
672,,E44,11,4266079.21,1423853.37,2.053110939,0,,0,12
673,,E44,12,7370224.46,2923328.93,0.037628335,-32332,,0,19
674,,E45,1,210000,110000,14.84492727,0,,0,2
675,,E45,2,1815622,1632942,0,0,,0,3
676,,E45,3,130690,0,#DIV/0!,0,,0,2
677,,E45,4,3368620.97,2541610.79,0.797529664,0,,0,16
678,,E45,5,2374719.2,2027010,1.222174533,0,,0,10
679,,E45,6,3273575.58,2477360,1.776405125,0,,0,10
680,,E45,7,4768880,4400795,0.321344957,0,,0,3
681,,E45,8,2521880.24,1414173.28,1.3292872,0,,0,14
682,,E45,9,2369350.59,1879842.44,1.263593666,0,,0,9
683,,E45,10,2437317.4,2375357,1.640934074,-553256,,0,8
684,,E45,11,4987496.64,3897804.24,0.374452874,0,,0,11
685,,E45,12,1612094,1459544,0.705699862,-48563,,0,8
686,,E46,1,5921656.74,1030000,0.596116505,-186960,,0,34
687,,E46,2,3819230,614000,0,-8000,,0,26
688,,E46,3,5473790.08,0,#DIV/0!,-26000,,0,38
689,,E46,4,8174740,938500,0.217368141,-1390000,,0,29
690,,E46,5,5538638,204000,5.553921569,0,,0,24
691,,E46,6,3652840,1133000,0,0,,0,19
692,,E46,7,5281652,0,#DIV/0!,-828100,,0,28
693,,E46,8,5332668,0,#DIV/0!,0,,0,30
694,,E46,9,4248000,0,#DIV/0!,-85000,,0,28
695,,E46,10,7360405,735000,0.428571429,-237000,,0,28
696,,E46,11,3956140,315000,0,0,,0,20
697,,E46,12,8963990,0,#DIV/0!,-36000,,0,43
698,,E47,1,5093334.58,969494.35,0.103443512,-18499.4,,0,173
699,,E47,2,2545065.51,100287.9,9.634748659,0,,0,113
700,,E47,3,6239385.48,966248.71,0.561262307,-15802.1,,0,246
701,,E47,4,6819476.46,542318.98,1.358462302,0,,0,209
702,,E47,5,5457838.36,736719.89,1.642566105,0,,0,192
703,,E47,6,5820915.39,1210111.12,0.55790793,0,,0,175
704,,E47,7,4811787.96,675130.59,0.477115072,-3498.6,,0,184
705,,E47,8,4368353.08,322114.98,1.967288358,-264644,,-115389,181
706,,E47,9,4162900.96,633693.05,0.510724396,-67137.6,,0,173
707,,E47,10,3698756.12,323642.5,2.675344616,-2878.68,,0,154
708,,E47,11,7038953.19,865855.22,0.507450426,-6462,,0,248
709,,E47,12,5194155.24,439378.6,0.942034956,-81240,,0,208
710,,E48,1,4755097.36,413910,0,0,,0,22
711,,E48,2,823440,0,#DIV/0!,0,,0,5
712,,E48,3,4133295,627310,0.327302291,0,,0,15
713,,E48,4,3604889.32,205320,2.002824859,0,,0,15
714,,E48,5,4233183.82,411220,3.261991148,-18070,,0,21
715,,E48,6,4151069.1,1341396,0.954617428,0,,0,24
716,,E48,7,5808954.68,1280520,1.640254647,0,,0,24
717,,E48,8,6438818.34,2100378.88,0.700564081,0,,0,26
718,,E48,9,6185519.6,1471450,0.572273608,0,,0,23
719,,E48,10,5856044.68,842072,2.2759479,-36720,,0,29
720,,E48,11,6765009.92,1916512,0.548960194,-28080,,0,28
721,,E48,12,7974032.04,1052088.8,0,0,,0,28
722,,E49,1,3011619.19,0,#DIV/0!,0,,0,21
723,,E49,2,2700,0,#DIV/0!,0,,0,1
724,,E49,3,2662515.61,0,#DIV/0!,0,,0,4
725,,E49,4,2424795.82,0,#DIV/0!,0,,0,6
726,,E49,5,7021494.88,0,#DIV/0!,-852815.41,,0,26
727,,E49,6,4412403.6,0,#DIV/0!,0,,0,45
728,,E49,7,2380085.39,0,#DIV/0!,0,,0,29
729,,E49,8,12520,0,#DIV/0!,0,,0,2
730,,E49,9,2948545,0,#DIV/0!,0,,0,22
731,,E49,10,7923207.92,0,#DIV/0!,-12520,,0,69
732,,E49,11,7620143.6,0,#DIV/0!,0,,0,58
733,,E49,12,3469800,0,#DIV/0!,0,,0,22
734,,E5,1,17400206,16510444.36,1.077367345,0,,0,13
735,,E5,2,18364404.2,17787813.6,0.949661762,0,,0,9
736,,E5,3,17393953.9,16892406.4,1.191869831,0,,0,9
737,,E5,4,22362525.96,20133549.56,0.697023948,0,,0,10
738,,E5,5,15401504.6,14033566.2,0.96366627,0,,0,9
739,,E5,6,13685180.6,13523674.4,0.981720792,-1119723.6,,-1119723.6,9
740,,E5,7,14596456.52,13276472.34,0.806280694,0,,0,11
741,,E5,8,11202780.53,10704563.33,1.85852188,0,,0,9
742,,E5,9,20798334.76,19894665.16,1.737907423,0,,0,14
743,,E5,10,35346633.26,34575086.26,0.735606978,0,,0,14
744,,E5,11,25561013.44,25433674.71,1.193377064,0,,0,12
745,,E5,12,30675178.82,30351964.06,0,0,,0,14
746,,E50,1,1670110.6,0,#DIV/0!,-1697607.82,,0,4
747,,E50,4,1451133.45,0,#DIV/0!,0,,0,2
748,,E50,5,1181498.82,0,#DIV/0!,0,,0,2
749,,E50,6,4732358.3,0,#DIV/0!,0,,0,3
750,,E50,7,3874887.46,0,#DIV/0!,0,,0,2
751,,E50,8,2324513,0,#DIV/0!,0,,0,2
752,,E50,9,1993094.71,0,#DIV/0!,0,,0,2
753,,E50,10,1151775.12,0,#DIV/0!,0,,0,1
754,,E50,11,746750.38,0,#DIV/0!,0,,0,1
755,,E50,12,3272440.42,0,#DIV/0!,0,,0,3
756,,E51,1,2537952.58,0,#DIV/0!,0,,0,34
757,,E51,2,1570263.97,0,#DIV/0!,0,,0,27
758,,E51,3,3004949.75,0,#DIV/0!,0,,0,40
759,,E51,4,3051597.65,0,#DIV/0!,-100000,,0,37
760,,E51,5,2684811.14,0,#DIV/0!,0,,0,33
761,,E51,6,2367383.34,108900,0,0,,0,34
762,,E51,7,2162191.35,0,#DIV/0!,0,,0,32
763,,E51,8,2304867.92,0,#DIV/0!,-38769,,0,38
764,,E51,9,2251525.4,0,#DIV/0!,0,,0,40
765,,E51,10,3166664.24,0,#DIV/0!,0,,0,41
766,,E51,11,3475795.64,0,#DIV/0!,0,,0,46
767,,E51,12,3667277.87,0,#DIV/0!,0,,0,62
768,,E52,1,3073182.97,538824.8,0.965063226,0,,0,3
769,,E52,2,545000,520000,0.595076538,0,,0,1
770,,E52,3,566152,309439.8,1.355998808,0,,0,2
771,,E52,4,1128000,419600,0.241730219,0,,0,3
772,,E52,5,954835,101430,0,0,,0,2
773,,E52,6,1289557.6,0,#DIV/0!,0,,0,4
774,,E52,7,558368.38,0,#DIV/0!,0,,0,4
775,,E52,8,6818854.28,5728903.03,0,0,,0,3
776,,E52,9,194152.1,0,#DIV/0!,-130000,,0,6
777,,E52,10,634129,0,#DIV/0!,0,,0,2
778,,E52,11,6693024,2162897.5,0.58739219,-18618.1,,0,5
779,,E52,12,2516422.2,1270469.1,0,0,,0,5
780,,E53,1,2342000,0,#DIV/0!,-120000,,0,4
781,,E53,2,325000,0,#DIV/0!,0,,0,2
782,,E53,3,891800,0,#DIV/0!,0,,0,3
783,,E53,4,1728000,306000,0,0,,0,3
784,,E53,5,1202706.24,0,#DIV/0!,0,,0,5
785,,E53,6,3228500,0,#DIV/0!,0,,0,8
786,,E53,7,3348400,0,#DIV/0!,0,,0,10
787,,E53,8,8793776,4896000,0.386029412,-96065,,0,17
788,,E53,9,3061380,1890000,0,0,,0,9
789,,E53,10,3619603.74,0,#DIV/0!,-28190,,0,14
790,,E53,11,3908000,0,#DIV/0!,0,,0,4
791,,E53,12,10198667,0,#DIV/0!,0,,0,16
792,,E54,1,5102713,1417000,0,-10400,,0,157
793,,E54,2,1380740.5,0,#DIV/0!,0,,0,111
794,,E54,3,4651409.7,1020260,0,-3300,,0,215
795,,E54,4,1688131.01,0,#DIV/0!,-5310,,0,177
796,,E54,5,2705826.91,560600,0.80806279,-110910,,0,235
797,,E54,6,3468761.66,453000,2.408962472,-810,,0,223
798,,E54,7,4025014.63,1091260,1.260927735,-6800,,0,170
799,,E54,8,2865207,1376000,0.532479651,-4500,,0,158
800,,E54,9,4035493.57,732692,0,-28880,,0,153
801,,E54,10,3194409.2,0,#DIV/0!,-20500,,0,176
802,,E54,11,2427015.54,0,#DIV/0!,-43260,,0,179
803,,E54,12,5926635.2,416230,6.150926171,-82360,,0,232
804,,E55,1,2843200,2560200,0,0,,0,4
805,,E55,2,995193,0,#DIV/0!,0,,0,3
806,,E55,3,247704.1,208811.33,0,0,,0,3
807,,E55,4,15995.2,0,#DIV/0!,0,,0,2
808,,E55,5,391711.31,406570,0,-2316326.83,,-2228000,5
809,,E55,6,508717.67,0,#DIV/0!,0,,0,3
810,,E55,7,6715844.88,6481292.98,-0.032368541,-1496157.52,,-1487751.12,6
811,,E55,8,-191597.16,-209790,-6.057486057,-3934112.47,,-3881115,2
812,,E55,9,1505893.16,1270800,0.333333333,0,,0,2
813,,E55,10,757580.37,423600,9.193159348,0,,0,2
814,,E55,11,4226633.61,3894222.3,1.807861886,0,,0,4
815,,E55,12,10391196.14,7040216.07,0.045339518,0,,0,8
816,,E56,1,4300904.04,319200,2.010479323,-14700,,0,15
817,,E56,2,1225049,641745,0.788791311,0,,0,8
818,,E56,3,1816044.05,506202.88,0.425027214,0,,0,17
819,,E56,4,1140231.84,215150,1.512056705,-176083,,-108900,12
820,,E56,5,2240601.13,325319,2.582588167,0,,0,12
821,,E56,6,2516541.36,840165,0.378626817,-82072.5,,0,13
822,,E56,7,2623646.8,318109,0.713639036,0,,0,13
823,,E56,8,2347261.75,227015,0.974120653,0,,0,14
824,,E56,9,3352831.78,221140,3.288658768,-100000,,0,18
825,,E56,10,3897573.89,727254,0.420945186,-11990,,0,15
826,,E56,11,2958862.6,306134.07,1.094128465,-2650,,0,16
827,,E56,12,3849605.89,334950,2.567547395,0,,0,15
828,,E57,1,1071000,860000,4.236337209,0,,0,4
829,,E57,3,5165955,3643250,0.637607905,0,,0,7
830,,E57,4,4702765,2322965,1.34106928,0,,0,4
831,,E57,5,3744187,3115257,1.496003489,0,,0,7
832,,E57,6,5071309.82,4660435.34,0.708930552,0,,0,6
833,,E57,7,3923556,3303925,0.648546804,-96750,,0,7
834,,E57,8,2152770,2142750,0.602030102,0,,0,3
835,,E57,9,2560125,1290000,4.775451938,0,,0,3
836,,E57,10,6098253,6160333,0.411528078,-785000,,0,4
837,,E57,11,2756761.02,2535150,1.043697612,0,,0,3
838,,E57,12,4571440,2645930,0,0,,0,8
839,,E58,1,151593,0,#DIV/0!,0,,0,1
840,,E58,2,411485,0,#DIV/0!,0,,0,1
841,,E58,3,712815.19,509775.19,0,-44991.78,,0,4
842,,E58,4,791184,0,#DIV/0!,0,,0,5
843,,E58,5,3475459.78,0,#DIV/0!,0,,0,2
844,,E58,6,2935349.6,203645,5.30334651,0,,0,2
845,,E58,7,2686997.78,1080000,0,0,,0,6
846,,E58,8,7115234.73,0,#DIV/0!,-298700,,0,9
847,,E58,9,1235672.29,968726.6,4.619855726,-80910,,0,4
848,,E58,10,5749842.58,4475377.13,0,0,,0,5
849,,E58,11,426707,0,#DIV/0!,0,,0,2
850,,E58,12,7419458.77,1188989.23,2.396036573,0,,0,7
851,,E59,1,6291694.67,2848861.68,0.04071012,0,,0,50
852,,E59,2,912782.36,115977.5,6.844975534,0,,0,14
853,,E59,3,2877607.46,793863.15,0.133479177,0,,0,37
854,,E59,4,2587249.01,105964.2,3.082433501,0,,0,31
855,,E59,5,3270604.9,326627.6,1.310985661,-11694.97,,0,40
856,,E59,6,3234832.28,428204.1,1.02214458,-11694.97,,0,32
857,,E59,7,2696180.83,437686.5,0,0,,0,36
858,,E59,8,918748.59,0,#DIV/0!,0,,0,24
859,,E59,9,2421524.36,108886.4,0.997057484,0,,0,39
860,,E59,10,2159011.77,108566,0,0,,0,35
861,,E59,11,2646396.74,0,#DIV/0!,0,,0,42
862,,E59,12,2643649.22,576614.2,128.5932476,0,,0,48
863,,E6,1,75239977.62,74148692.61,0.104732443,0,,0,53
864,,E6,2,7936115.01,7765773.69,1.455461479,0,,0,11
865,,E6,3,12065122.92,11302784.46,2.78577084,0,,0,25
866,,E6,4,32397368.74,31486967.36,1.091470646,-145589.71,,-131589.71,33
867,,E6,5,34831802.78,34367100.61,0.694753059,-80492.03,,0,34
868,,E6,6,24514015.47,23876648.28,1.71360768,-115191.9,,0,35
869,,E6,7,41885780.57,40915207.86,1.348681398,-75000,,0,48
870,,E6,8,56581679.37,55181579.74,0.565737607,0,,0,43
871,,E6,9,32077499.07,31218294.88,0.842985506,-623120.2,,-430930.86,32
872,,E6,10,27215173.13,26316570.12,1.340076916,-390135.09,,-390135.09,39
873,,E6,11,35935209.86,35266228.13,1.720242812,0,,0,37
874,,E6,12,61923875.28,60666475.43,0,-678464.61,,-587423.98,54
875,,E60,1,1780363,0,#DIV/0!,0,,0,3
876,,E60,2,100000,0,#DIV/0!,0,,0,1
877,,E60,3,353442,0,#DIV/0!,0,,0,2
878,,E60,4,211120,100120,0,0,,0,1
879,,E60,5,1121214,0,#DIV/0!,0,,0,3
880,,E60,7,422672,0,#DIV/0!,0,,0,1
881,,E60,8,4055890,0,#DIV/0!,-74224,,0,3
882,,E60,9,949323,0,#DIV/0!,0,,0,3
883,,E60,10,850570,0,#DIV/0!,0,,0,2
884,,E60,11,1451965,0,#DIV/0!,0,,0,5
885,,E60,12,885610,0,#DIV/0!,0,,0,3
886,,E61,1,2174850.8,0,#DIV/0!,0,,0,18
887,,E61,2,1226780.8,0,#DIV/0!,0,,0,12
888,,E61,3,1549305.4,0,#DIV/0!,0,,0,19
889,,E61,4,1197689,0,#DIV/0!,-378032,,0,15
890,,E61,5,917047,0,#DIV/0!,0,,0,13
891,,E61,6,850590,0,#DIV/0!,0,,0,12
892,,E61,7,1776855,0,#DIV/0!,0,,0,21
893,,E61,8,1769912.6,0,#DIV/0!,0,,0,18
894,,E61,9,1953537.2,0,#DIV/0!,0,,0,13
895,,E61,10,1944448,0,#DIV/0!,0,,0,15
896,,E61,11,2052045,0,#DIV/0!,0,,0,19
897,,E61,12,1719065,0,#DIV/0!,0,,0,16
898,,E62,1,2859924.37,0,#DIV/0!,-883306,,0,8
899,,E62,2,460665.84,0,#DIV/0!,0,,0,1
900,,E62,4,437911.26,0,#DIV/0!,0,,0,5
901,,E62,5,1233452.06,0,#DIV/0!,0,,0,9
902,,E62,6,923460.16,0,#DIV/0!,-40000,,0,6
903,,E62,7,228182.95,0,#DIV/0!,-187813.56,,0,5
904,,E62,8,678163.18,0,#DIV/0!,-428629.98,,0,5
905,,E62,9,491642.22,0,#DIV/0!,-115510.18,,0,5
906,,E62,10,712949.46,0,#DIV/0!,0,,0,6
907,,E62,11,746439.17,0,#DIV/0!,0,,0,5
908,,E62,12,3137912.69,0,#DIV/0!,-10285,,0,8
909,,E63,1,6107231.5,5232282.5,0.388505839,0,,0,10
910,,E63,3,4864971.6,2032772.3,0.381744675,0,,0,19
911,,E63,4,4202100,776000,2.512371134,0,,0,15
912,,E63,5,2452052,1949600,1.157160443,0,,0,8
913,,E63,6,4447230,2256000,1.293305629,0,,0,9
914,,E63,7,5308321.5,2917697.5,0.513260223,0,,0,14
915,,E63,8,4065631.29,1497538.07,3.023415625,0,,0,12
916,,E63,9,7084480,4527680,0.972088016,0,,0,14
917,,E63,10,5486853.47,4401303.47,1.276665319,0,,0,16
918,,E63,11,6713639.32,5618991.5,1.169242737,0,,0,11
919,,E63,12,7589071,6569965,0,-237509,,-211535,13
920,,E64,1,387988.36,0,#DIV/0!,0,,0,14
921,,E64,2,140459.85,0,#DIV/0!,0,,0,16
922,,E64,3,469121.07,0,#DIV/0!,0,,0,19
923,,E64,4,247966.38,0,#DIV/0!,0,,0,17
924,,E64,5,1338993.35,0,#DIV/0!,0,,0,24
925,,E64,6,1109332.54,0,#DIV/0!,0,,0,38
926,,E64,7,471828.65,0,#DIV/0!,0,,0,47
927,,E64,8,375325.6,0,#DIV/0!,0,,0,26
928,,E64,9,991743.66,0,#DIV/0!,0,,0,46
929,,E64,10,960938.97,0,#DIV/0!,0,,0,26
930,,E64,11,1019960.81,0,#DIV/0!,0,,0,27
931,,E64,12,1905385.02,0,#DIV/0!,0,,0,27
932,,E65,1,1042375.25,0,#DIV/0!,-20289,,0,27
933,,E65,2,1035772.3,314183.04,0,0,,0,22
934,,E65,3,601412.02,0,#DIV/0!,0,,0,11
935,,E65,4,665802.83,0,#DIV/0!,0,,0,12
936,,E65,5,300320.41,0,#DIV/0!,-30292,,0,13
937,,E65,6,690244.64,0,#DIV/0!,0,,0,12
938,,E65,7,661668.18,0,#DIV/0!,0,,0,15
939,,E65,8,577678.61,0,#DIV/0!,-8215,,0,14
940,,E65,9,965360.57,0,#DIV/0!,0,,0,21
941,,E65,10,812977.21,0,#DIV/0!,0,,0,15
942,,E65,11,708394.81,0,#DIV/0!,0,,0,22
943,,E65,12,965780.04,311637.87,0.340131576,-9027.06,,0,18
944,,E66,1,515793.71,105997.88,0,0,,0,50
945,,E66,2,83272.2,0,#DIV/0!,0,,0,10
946,,E66,3,91332.6,0,#DIV/0!,0,,0,29
947,,E66,4,320347.97,0,#DIV/0!,-3272,,0,27
948,,E66,5,1005564.51,0,#DIV/0!,-1386.35,,0,28
949,,E66,6,574257.04,105997.88,1,0,,0,34
950,,E66,7,400806.94,105997.88,1,0,,0,38
951,,E66,8,458335.47,105997.88,1,0,,0,36
952,,E66,9,435091.8,105997.88,1,-11942.8,,0,36
953,,E66,10,609070.48,105997.88,1,-302,,0,38
954,,E66,11,465271.27,105997.88,1,0,,0,31
955,,E66,12,542726.57,105997.88,0,-1797,,0,43
956,,E67,1,35000,0,#DIV/0!,0,,0,1
957,,E67,2,5800,0,#DIV/0!,0,,0,1
958,,E67,3,674410,0,#DIV/0!,0,,0,6
959,,E67,4,188,0,#DIV/0!,0,,0,1
960,,E67,5,540234,0,#DIV/0!,0,,0,5
961,,E67,6,122034,0,#DIV/0!,0,,0,3
962,,E67,7,1129780,0,#DIV/0!,0,,0,5
963,,E67,8,510010,0,#DIV/0!,0,,0,5
964,,E67,9,596268,0,#DIV/0!,-100000,,0,6
965,,E67,10,1261410,0,#DIV/0!,-10000,,0,7
966,,E67,11,950966,0,#DIV/0!,-5000,,0,9
967,,E67,12,642330,0,#DIV/0!,0,,0,6
968,,E68,1,1360319.99,520901.73,1.363804263,0,,0,1
969,,E68,2,967548,710408,0,0,,0,1
970,,E68,4,91929,0,#DIV/0!,0,,0,2
971,,E68,5,303768,203808,0.993091537,0,,0,1
972,,E68,6,298250,202400,2.067048419,0,,0,1
973,,E68,7,2078895.2,418370.6,0,0,,0,2
974,,E68,9,132610,0,#DIV/0!,0,,0,2
975,,E68,10,500220,203775,0.997600294,0,,0,1
976,,E68,11,756938,203286,0,0,,0,2
977,,E68,12,60000,0,#DIV/0!,0,,0,2
978,,E69,1,519567,0,#DIV/0!,-30410,,0,8
979,,E69,2,461028.55,0,#DIV/0!,0,,0,4
980,,E69,3,366325.7,0,#DIV/0!,-10253.3,,0,3
981,,E69,4,219392.59,0,#DIV/0!,0,,0,5
982,,E69,5,570081.3,0,#DIV/0!,-306,,0,7
983,,E69,6,530668.43,0,#DIV/0!,-30701,,0,4
984,,E69,7,127806.72,0,#DIV/0!,-39013.12,,0,3
985,,E69,8,630264.48,0,#DIV/0!,-83134.7,,0,5
986,,E69,9,40612.3,0,#DIV/0!,-147600.4,,0,4
987,,E69,10,228779.44,0,#DIV/0!,0,,0,5
988,,E69,11,277242.48,0,#DIV/0!,-28707.1,,0,9
989,,E69,12,219607.86,0,#DIV/0!,0,,0,7
990,,E7,1,96067257.1,90240474.44,0.299807752,-38792826.52,,-34083025.05,376
991,,E7,2,31948989.27,27054793.81,1.648565627,-27759385.34,,-24749326.26,256
992,,E7,3,51724323.66,44601603.13,0.535337926,-12606187.68,,-10074930.6,301
993,,E7,4,28473144.13,23876929.71,1.288310135,-27357371.11,,-22305613.47,298
994,,E7,5,40731435.18,30760890.55,0.802952961,-10465035.54,,-7994324.29,260
995,,E7,6,30441120.87,24699548.14,0.859042327,-21008292.88,,-18517133.74,251
996,,E7,7,28936527.29,21217957.31,2.355406943,-16696278.84,,-14177815.42,220
997,,E7,8,55460757.97,49976923.96,1.43520229,-11624158.79,,-8733865.35,236
998,,E7,9,77345601.95,71726995.69,0.450827181,-11842652.97,,-9033291.28,238
999,,E7,10,39119196.91,32336479.28,1.301719823,-22117690.18,,-19460154.12,219
1000,,E7,11,47147064.35,42093036.09,1.907874022,-12576351.41,,-9973009.41,238
1001,,E7,12,83813211.43,80308210.07,0,-16617665.69,,-12834926.67,236
1002,,E70,1,741926.1,0,#DIV/0!,0,,0,14
1003,,E70,2,3310,0,#DIV/0!,-540,,0,3
1004,,E70,3,979950.44,228300,0.438983793,-72245,,0,15
1005,,E70,4,574897.4,100220,0,-15201.1,,0,8
1006,,E70,5,389408.08,0,#DIV/0!,0,,0,13
1007,,E70,6,1244010.85,116840,6.55631633,-3700,,0,14
1008,,E70,7,1658295.4,766040,0,-38315,,0,14
1009,,E70,8,388507,0,#DIV/0!,0,,0,9
1010,,E70,9,773573.2,0,#DIV/0!,0,,0,11
1011,,E70,10,1217156,0,#DIV/0!,-53445,,0,7
1012,,E70,11,2044286.55,699930,1.348120526,-23791.2,,0,14
1013,,E70,12,2654116.85,943590,0,-16760,,0,11
1014,,E71,2,3824049,0,#DIV/0!,0,,0,3
1015,,E71,3,192525,0,#DIV/0!,0,,0,3
1016,,E71,4,11740,0,#DIV/0!,0,,0,1
1017,,E71,5,11400,0,#DIV/0!,0,,0,3
1018,,E71,6,1331510.6,0,#DIV/0!,0,,0,28
1019,,E71,7,4014794.24,0,#DIV/0!,0,,0,134
1020,,E71,8,2619223.58,0,#DIV/0!,-37413.2,,0,112
1021,,E71,9,390278.1,0,#DIV/0!,0,,0,21
1022,,E71,10,271399,0,#DIV/0!,0,,0,4
1023,,E71,11,91191.6,0,#DIV/0!,0,,0,2
1024,,E72,1,777968.8,208685.07,0,0,,0,7
1025,,E72,2,350193.38,0,#DIV/0!,0,,0,2
1026,,E72,3,22650,0,#DIV/0!,0,,0,1
1027,,E72,4,15800,0,#DIV/0!,0,,0,1
1028,,E72,5,135245.92,0,#DIV/0!,0,,0,2
1029,,E72,6,219923.1,0,#DIV/0!,0,,0,3
1030,,E72,7,745849.53,0,#DIV/0!,0,,0,3
1031,,E72,8,950440.51,0,#DIV/0!,0,,0,9
1032,,E72,9,309047.38,0,#DIV/0!,0,,0,2
1033,,E72,11,194763.9,0,#DIV/0!,0,,0,3
1034,,E72,12,788728.23,0,#DIV/0!,0,,0,7
1035,,E73,1,1068929,424831,0.272202358,0,,0,17
1036,,E73,2,550055,115640,1,-321220,,-321220,7
1037,,E73,3,808388,115640,0.888792805,0,,0,11
1038,,E73,4,654833.16,102780,0,0,,0,8
1039,,E73,5,338543,0,#DIV/0!,0,,0,6
1040,,E73,6,430990.58,0,#DIV/0!,0,,0,8
1041,,E73,7,565029.59,0,#DIV/0!,-26330,,0,11
1042,,E73,8,484345.27,109022,0,0,,0,7
1043,,E73,9,521746.14,0,#DIV/0!,0,,0,16
1044,,E73,10,499742.06,0,#DIV/0!,-1900,,0,11
1045,,E73,11,621890.46,0,#DIV/0!,0,,0,12
1046,,E73,12,1060248.92,221287,0,0,,0,14
1047,,E74,1,553850.3,0,#DIV/0!,0,,0,11
1048,,E74,2,261535,0,#DIV/0!,0,,0,8
1049,,E74,3,277559.7,0,#DIV/0!,0,,0,5
1050,,E74,4,324982.55,0,#DIV/0!,-27294,,0,11
1051,,E74,5,468349.3,0,#DIV/0!,-4817.4,,0,8
1052,,E74,6,244037.7,0,#DIV/0!,-48606.5,,0,7
1053,,E74,7,257448,0,#DIV/0!,0,,0,7
1054,,E74,8,349713,0,#DIV/0!,0,,0,9
1055,,E74,9,457555.25,0,#DIV/0!,0,,0,9
1056,,E74,10,455402.5,0,#DIV/0!,0,,0,12
1057,,E74,11,307474.4,0,#DIV/0!,0,,0,10
1058,,E74,12,354526.7,0,#DIV/0!,0,,0,10
1059,,E75,1,837929,0,#DIV/0!,-262,,0,700
1060,,E75,2,594945.24,0,#DIV/0!,0,,0,480
1061,,E75,3,728454,0,#DIV/0!,0,,0,821
1062,,E75,4,794288,0,#DIV/0!,-1085,,0,654
1063,,E75,5,554628,0,#DIV/0!,0,,0,666
1064,,E75,6,790658,0,#DIV/0!,0,,0,659
1065,,E75,7,531987.2,0,#DIV/0!,-180,,0,744
1066,,E75,8,583254,0,#DIV/0!,0,,0,769
1067,,E75,9,447627,0,#DIV/0!,-3855,,0,645
1068,,E75,10,398573,0,#DIV/0!,-480,,0,623
1069,,E75,11,430202.24,0,#DIV/0!,0,,0,642
1070,,E75,12,606455.22,0,#DIV/0!,0,,0,642
1071,,E76,1,105840,0,#DIV/0!,0,,0,9
1072,,E76,2,89600,0,#DIV/0!,0,,0,5
1073,,E76,3,635435,209000,0,0,,0,9
1074,,E76,4,499000,0,#DIV/0!,0,,0,13
1075,,E76,5,237400,104000,0.986538462,0,,0,6
1076,,E76,6,548700,102600,0,0,,0,14
1077,,E76,7,275320,0,#DIV/0!,0,,0,16
1078,,E76,8,685743.2,0,#DIV/0!,-7800,,0,24
1079,,E76,9,572535.2,0,#DIV/0!,0,,0,12
1080,,E76,10,208200,0,#DIV/0!,0,,0,7
1081,,E76,11,630421.4,0,#DIV/0!,0,,0,18
1082,,E76,12,84923,0,#DIV/0!,0,,0,9
1083,,E77,1,255190,0,#DIV/0!,-19630,,0,1
1084,,E77,2,98150,0,#DIV/0!,0,,0,1
1085,,E77,3,98150,0,#DIV/0!,0,,0,1
1086,,E77,4,355752.7,0,#DIV/0!,-17217.3,,0,2
1087,,E77,5,1668550,0,#DIV/0!,0,,0,1
1088,,E77,6,1097938.44,0,#DIV/0!,-19630,,0,1
1089,,E77,8,98150,0,#DIV/0!,0,,0,1
1090,,E77,10,98150,0,#DIV/0!,0,,0,1
1091,,E77,11,760129.55,0,#DIV/0!,0,,0,1
1092,,E77,12,193887.3,0,#DIV/0!,0,,0,2
1093,,E78,1,992648,110505.24,0,0,,0,10
1094,,E78,2,858309.03,0,#DIV/0!,0,,0,7
1095,,E78,3,1187785.39,0,#DIV/0!,0,,0,14
1096,,E78,4,994960.34,0,#DIV/0!,0,,0,9
1097,,E78,5,1478924.19,0,#DIV/0!,0,,0,13
1098,,E78,6,1173864.45,0,#DIV/0!,0,,0,11
1099,,E78,7,802024.72,100974,0,0,,0,14
1100,,E78,8,522715,0,#DIV/0!,0,,0,8
1101,,E78,9,295718,0,#DIV/0!,0,,0,6
1102,,E78,10,1001753,0,#DIV/0!,0,,0,7
1103,,E78,11,696563.55,0,#DIV/0!,0,,0,10
1104,,E78,12,950083.98,0,#DIV/0!,0,,0,8
1105,,E79,1,570933,0,#DIV/0!,0,,0,4
1106,,E79,3,225767,0,#DIV/0!,0,,0,2
1107,,E79,4,25200,0,#DIV/0!,0,,0,1
1108,,E79,5,348800,0,#DIV/0!,0,,0,2
1109,,E79,6,142414.09,0,#DIV/0!,0,,0,2
1110,,E79,7,385410,103950,0,0,,0,4
1111,,E79,8,437188,0,#DIV/0!,0,,0,4
1112,,E79,9,233099,0,#DIV/0!,0,,0,2
1113,,E79,10,516784,0,#DIV/0!,0,,0,2
1114,,E79,11,205451,0,#DIV/0!,0,,0,1
1115,,E79,12,763500,0,#DIV/0!,0,,0,1
1116,,E8,1,46548184.42,1140225,0.092087088,-2854044.55,,0,466
1117,,E8,2,20491825.1,105000,10.77649133,-672400,,0,221
1118,,E8,3,22963633.72,1131531.59,0.548647511,-1127160,,0,398
1119,,E8,4,25601987.14,620811.99,2.673595495,-1511272,,-204702.07,392
1120,,E8,5,31121985.33,1659800.14,0.56257942,-276800,,0,389
1121,,E8,6,27173529.84,933769.4,0.662701369,-1209208,,-100700,351
1122,,E8,7,30717199.7,618810.26,2.020603214,-2492728.5,,-207040,415
1123,,E8,8,52674122.78,1250370,0.417436439,-621238,,0,396
1124,,E8,9,28646865.7,521950,4.016859814,-1364354,,-105000,375
1125,,E8,10,35518186.68,2096599.98,0.394040355,-540400,,0,355
1126,,E8,11,43084237.68,826145,0.883416434,-1115620,,-100700,454
1127,,E8,12,65824422.73,729830.07,0,-1805957.95,,0,473
1128,,E80,1,732101.63,0,#DIV/0!,0,,0,9
1129,,E80,3,56661.82,0,#DIV/0!,0,,0,2
1130,,E80,6,1462760.45,0,#DIV/0!,0,,0,16
1131,,E80,7,160455.4,0,#DIV/0!,0,,0,2
1132,,E80,11,457250,0,#DIV/0!,0,,0,6
1133,,E80,12,1008226.22,0,#DIV/0!,0,,0,4
1134,,E81,1,460523.7,0,#DIV/0!,-4026.5,,0,37
1135,,E81,2,184951.15,0,#DIV/0!,-1296,,0,15
1136,,E81,3,462349.7,0,#DIV/0!,0,,0,28
1137,,E81,4,308986.5,0,#DIV/0!,0,,0,25
1138,,E81,5,306269.4,0,#DIV/0!,0,,0,23
1139,,E81,6,219584.82,0,#DIV/0!,0,,0,22
1140,,E81,7,386835.18,0,#DIV/0!,0,,0,21
1141,,E81,8,275069.98,0,#DIV/0!,0,,0,23
1142,,E81,9,388794.12,0,#DIV/0!,-5940,,0,33
1143,,E81,10,437054.6,0,#DIV/0!,0,,0,28
1144,,E81,11,351520.14,0,#DIV/0!,0,,0,26
1145,,E81,12,365497.6,0,#DIV/0!,0,,0,31
1146,,E82,1,211336.7,0,#DIV/0!,0,,0,2
1147,,E82,3,873147.22,0,#DIV/0!,0,,0,1
1148,,E82,4,332635.06,0,#DIV/0!,0,,0,1
1149,,E82,5,169681.51,0,#DIV/0!,0,,0,2
1150,,E82,6,233791.37,0,#DIV/0!,0,,0,3
1151,,E82,7,311564.59,0,#DIV/0!,0,,0,2
1152,,E82,8,27933.27,0,#DIV/0!,0,,0,2
1153,,E82,9,125446.8,0,#DIV/0!,0,,0,2
1154,,E82,10,492806.76,0,#DIV/0!,-10970,,0,1
1155,,E82,11,278542.48,0,#DIV/0!,-5377.63,,0,2
1156,,E82,12,434435.45,0,#DIV/0!,0,,0,1
1157,,E83,1,153000,0,#DIV/0!,0,,0,20
1158,,E83,2,48685,0,#DIV/0!,0,,0,2
1159,,E83,3,5420,0,#DIV/0!,0,,0,1
1160,,E83,4,41000,0,#DIV/0!,-5420,,0,3
1161,,E83,5,19200,0,#DIV/0!,0,,0,5
1162,,E83,6,420664,0,#DIV/0!,0,,0,27
1163,,E83,7,435641,0,#DIV/0!,-2000,,0,71
1164,,E83,8,243570,0,#DIV/0!,0,,0,24
1165,,E83,9,272000,0,#DIV/0!,-1400,,0,42
1166,,E83,10,498830,0,#DIV/0!,0,,0,44
1167,,E83,11,1445132.43,0,#DIV/0!,0,,0,26
1168,,E83,12,146840,0,#DIV/0!,0,,0,17
1169,,E84,1,1100247.11,231600,0,-15580,,0,13
1170,,E84,2,289786.74,0,#DIV/0!,0,,0,2
1171,,E84,3,397945.2,0,#DIV/0!,0,,0,6
1172,,E84,4,725649.3,0,#DIV/0!,0,,0,4
1173,,E84,5,248747.95,0,#DIV/0!,0,,0,5
1174,,E84,6,527487.93,0,#DIV/0!,0,,0,8
1175,,E84,7,432736.52,0,#DIV/0!,0,,0,5
1176,,E84,8,493192.71,0,#DIV/0!,-30871.53,,0,7
1177,,E84,9,253951,0,#DIV/0!,0,,0,5
1178,,E84,10,734032.56,0,#DIV/0!,0,,0,8
1179,,E84,11,361214.26,0,#DIV/0!,-47826.5,,0,6
1180,,E84,12,906624.51,0,#DIV/0!,0,,0,12
1181,,E85,1,581568.57,0,#DIV/0!,0,,0,6
1182,,E85,2,332736.98,0,#DIV/0!,0,,0,5
1183,,E85,3,41471.39,0,#DIV/0!,0,,0,3
1184,,E85,4,222029.18,0,#DIV/0!,0,,0,4
1185,,E85,5,98104.91,0,#DIV/0!,0,,0,2
1186,,E85,6,357223.05,0,#DIV/0!,0,,0,8
1187,,E85,7,68438.86,0,#DIV/0!,0,,0,7
1188,,E85,8,223874.06,0,#DIV/0!,0,,0,5
1189,,E85,9,177038.18,0,#DIV/0!,0,,0,5
1190,,E85,10,643436.84,0,#DIV/0!,0,,0,6
1191,,E85,11,137672.21,0,#DIV/0!,0,,0,4
1192,,E85,12,237715.97,0,#DIV/0!,0,,0,6
1193,,E86,1,561400,561400,0,0,,0,1
1194,,E86,3,230606,0,#DIV/0!,-49200,,0,1
1195,,E86,4,765000,765000,4.098033046,0,,0,1
1196,,E86,5,3134995.28,3134995.28,0.113077006,0,,0,2
1197,,E86,6,201289.88,354495.88,0,-153206,,0,2
1198,,E86,8,89208,0,#DIV/0!,0,,0,1
1199,,E86,9,111552,62352,7.698229407,-187200,,-187200,3
1200,,E86,10,480000,480000,-1,0,,0,1
1201,,E86,11,-480000,-480000,1.59375,-480000,,-480000,1
1202,,E86,12,-765000,-765000,-0.278867974,-765000,,-765000,1
1203,,E87,1,699258.96,213334,0,0,,0,4
1204,,E87,3,190756.7,0,#DIV/0!,0,,0,2
1205,,E87,4,1359332.14,1261713.86,0,0,,0,2
1206,,E87,5,65308.8,0,#DIV/0!,0,,0,1
1207,,E87,6,165800,0,#DIV/0!,0,,0,3
1208,,E87,7,251434,0,#DIV/0!,0,,0,4
1209,,E87,8,497221.08,105714.99,1.049993005,0,,0,3
1210,,E87,9,462915.11,111000,0,0,,0,5
1211,,E87,10,212838.4,0,#DIV/0!,0,,0,3
1212,,E87,11,280639,111000,0,0,,0,3
1213,,E87,12,347502.6,0,#DIV/0!,0,,0,6
1214,,E88,1,528216.2,0,#DIV/0!,0,,0,16
1215,,E88,2,104661,0,#DIV/0!,0,,0,3
1216,,E88,3,89411.47,0,#DIV/0!,0,,0,9
1217,,E88,4,84040,0,#DIV/0!,0,,0,7
1218,,E88,5,148301,0,#DIV/0!,0,,0,5
1219,,E88,6,262076,0,#DIV/0!,0,,0,3
1220,,E88,7,230199.4,0,#DIV/0!,0,,0,13
1221,,E88,8,579223.83,0,#DIV/0!,0,,0,27
1222,,E88,9,452143.4,0,#DIV/0!,0,,0,18
1223,,E88,10,122627.8,0,#DIV/0!,0,,0,9
1224,,E88,11,227728.68,0,#DIV/0!,-36427.52,,0,14
1225,,E88,12,169791.15,0,#DIV/0!,0,,0,10
1226,,E89,1,721458.16,0,#DIV/0!,0,,0,11
1227,,E89,2,65129,0,#DIV/0!,0,,0,4
1228,,E89,3,418152,0,#DIV/0!,0,,0,8
1229,,E89,4,26038,0,#DIV/0!,0,,0,3
1230,,E89,5,2000,0,#DIV/0!,0,,0,1
1231,,E89,6,16126.5,0,#DIV/0!,0,,0,3
1232,,E89,7,245655,0,#DIV/0!,0,,0,4
1233,,E89,8,102161,0,#DIV/0!,0,,0,3
1234,,E89,9,216746.5,0,#DIV/0!,0,,0,6
1235,,E89,11,59978,0,#DIV/0!,0,,0,6
1236,,E89,12,409702,0,#DIV/0!,0,,0,7
1237,,E9,1,65743183.25,36390214.22,0.505747768,-244388.54,,0,100
1238,,E9,2,35268555.14,18404269.63,0.999427991,0,,0,82
1239,,E9,3,37875930.37,18393742.22,0.716752987,-158642.7,,0,86
1240,,E9,4,26458523.14,13183769.68,0.596747512,-185686.7,,0,90
1241,,E9,5,20516826.81,7867381.76,0.825899115,-1135036.21,,-770825,86
1242,,E9,6,23190001.5,6497663.63,0.878583923,-2617391.6,,-1901765.3,92
1243,,E9,7,23293608.72,5708742.8,1.149088677,-2404961.61,,-1948507.24,88
1244,,E9,8,28248492.05,6559851.71,2.130829293,-2808938.56,,-2423882.25,95
1245,,E9,9,30701938.84,13977924.18,0.835474726,-840035.67,,-668173.39,99
1246,,E9,10,29671946.05,11678202.37,1.241974436,-10767.13,,0,90
1247,,E9,11,31430624.61,14504028.8,0.930673781,-161298.1,,-103685.22,92
1248,,E9,12,28418435.38,13498519.32,0,-92357.52,,0,88
1249,,E90,1,203930.04,0,#DIV/0!,-2000,,0,6
1250,,E90,2,38362.52,0,#DIV/0!,0,,0,4
1251,,E90,3,464743.79,0,#DIV/0!,-1600,,0,11
1252,,E90,4,97844.3,0,#DIV/0!,0,,0,7
1253,,E90,5,199510.68,0,#DIV/0!,0,,0,10
1254,,E90,6,127488.62,0,#DIV/0!,-10961,,0,13
1255,,E90,7,300749.4,0,#DIV/0!,0,,0,9
1256,,E90,8,218250.76,0,#DIV/0!,0,,0,5
1257,,E90,9,186813,0,#DIV/0!,0,,0,5
1258,,E90,10,612549.3,0,#DIV/0!,0,,0,7
1259,,E90,11,1853719.78,0,#DIV/0!,-4240,,0,5
1260,,E90,12,529041.97,104622,0,-105501.8,,0,17
1261,,E91,1,339888,0,#DIV/0!,0,,0,12
1262,,E91,2,133460,0,#DIV/0!,0,,0,3
1263,,E91,3,220616,0,#DIV/0!,-8470,,0,11
1264,,E91,4,234715,0,#DIV/0!,0,,0,10
1265,,E91,5,249550,0,#DIV/0!,0,,0,11
1266,,E91,6,212030,0,#DIV/0!,0,,0,8
1267,,E91,7,233490,0,#DIV/0!,0,,0,8
1268,,E91,8,250360,0,#DIV/0!,0,,0,6
1269,,E91,9,264369,0,#DIV/0!,0,,0,10
1270,,E91,10,182525,0,#DIV/0!,0,,0,9
1271,,E91,11,267398,0,#DIV/0!,0,,0,8
1272,,E91,12,273880.4,0,#DIV/0!,0,,0,6
1273,,E92,1,314000,0,#DIV/0!,0,,0,5
1274,,E92,5,250800,0,#DIV/0!,0,,0,2
1275,,E92,6,40000,0,#DIV/0!,0,,0,1
1276,,E92,7,780000,0,#DIV/0!,0,,0,1
1277,,E92,9,108000,0,#DIV/0!,0,,0,1
1278,,E92,10,345040,0,#DIV/0!,0,,0,4
1279,,E92,11,-108000,0,#DIV/0!,-126000,,0,2
1280,,E92,12,780000,0,#DIV/0!,0,,0,2
1281,,E93,1,126303,0,#DIV/0!,0,,0,5
1282,,E93,2,79522,0,#DIV/0!,0,,0,9
1283,,E93,3,132262,0,#DIV/0!,0,,0,11
1284,,E93,4,126446,0,#DIV/0!,0,,0,6
1285,,E93,5,37965,0,#DIV/0!,0,,0,4
1286,,E93,6,62820,0,#DIV/0!,0,,0,5
1287,,E93,7,118280,0,#DIV/0!,0,,0,6
1288,,E93,8,103010,0,#DIV/0!,0,,0,5
1289,,E93,9,107480,0,#DIV/0!,0,,0,6
1290,,E93,10,198911,0,#DIV/0!,0,,0,8
1291,,E93,11,191356,0,#DIV/0!,-44386,,0,8
1292,,E93,12,300382,0,#DIV/0!,0,,0,8
1293,,E94,1,53561,0,#DIV/0!,0,,0,10
1294,,E94,2,41980,0,#DIV/0!,0,,0,10
1295,,E94,3,25506,0,#DIV/0!,0,,0,6
1296,,E94,4,13544,0,#DIV/0!,0,,0,4
1297,,E94,5,302333.92,0,#DIV/0!,0,,0,11
1298,,E94,6,158430,0,#DIV/0!,0,,0,7
1299,,E94,7,117163,0,#DIV/0!,0,,0,4
1300,,E94,8,4810,0,#DIV/0!,-90000,,0,6
1301,,E94,9,13269,0,#DIV/0!,0,,0,2
1302,,E94,10,12871.57,0,#DIV/0!,0,,0,3
1303,,E94,11,240127,0,#DIV/0!,0,,0,7
1304,,E94,12,225318,0,#DIV/0!,0,,0,3
1305,,E95,1,360101,0,#DIV/0!,0,,0,47
1306,,E95,2,51501,0,#DIV/0!,0,,0,25
1307,,E95,3,365458.3,0,#DIV/0!,0,,0,113
1308,,E95,4,225014.2,0,#DIV/0!,0,,0,45
1309,,E95,5,214875.16,0,#DIV/0!,0,,0,62
1310,,E95,6,138599,0,#DIV/0!,0,,0,41
1311,,E95,7,118968.7,0,#DIV/0!,0,,0,52
1312,,E95,8,138823.7,0,#DIV/0!,0,,0,57
1313,,E95,9,79904.43,0,#DIV/0!,0,,0,45
1314,,E95,10,294709,0,#DIV/0!,0,,0,53
1315,,E95,11,252244.96,0,#DIV/0!,0,,0,52
1316,,E95,12,287423,0,#DIV/0!,0,,0,57
1317,,E96,5,147000,0,#DIV/0!,0,,0,1
1318,,E96,6,163500,0,#DIV/0!,0,,0,1
1319,,E96,7,412000,0,#DIV/0!,0,,0,1
1320,,E96,12,856850,305200,0,0,,0,1
1321,,E97,1,118520.5,0,#DIV/0!,0,,0,16
1322,,E97,2,49930,0,#DIV/0!,0,,0,4
1323,,E97,3,11042,0,#DIV/0!,0,,0,6
1324,,E97,4,17918,0,#DIV/0!,0,,0,4
1325,,E97,5,47822,0,#DIV/0!,0,,0,14
1326,,E97,6,51272,0,#DIV/0!,0,,0,8
1327,,E97,7,92510,0,#DIV/0!,0,,0,17
1328,,E97,8,76984,0,#DIV/0!,0,,0,14
1329,,E97,9,48272,0,#DIV/0!,-4517,,0,12
1330,,E97,10,119013,0,#DIV/0!,0,,0,18
1331,,E97,11,121930.4,0,#DIV/0!,-430,,0,14
1332,,E97,12,254103,0,#DIV/0!,-6863,,0,14
1333,,E98,1,138131.4,0,#DIV/0!,0,,0,5
1334,,E98,3,19987,0,#DIV/0!,0,,0,6
1335,,E98,4,217374.7,0,#DIV/0!,-1580,,0,4
1336,,E98,5,60752,0,#DIV/0!,-69601,,0,6
1337,,E98,6,187681,0,#DIV/0!,0,,0,4
1338,,E98,7,7811,0,#DIV/0!,0,,0,2
1339,,E98,8,15336.9,0,#DIV/0!,0,,0,2
1340,,E98,9,128433.5,0,#DIV/0!,0,,0,4
1341,,E98,10,220264.4,0,#DIV/0!,0,,0,4
1342,,E98,11,484610,0,#DIV/0!,-21481,,0,6
1343,,E98,12,334500.1,0,#DIV/0!,0,,0,9
1344,,E99,1,323689.84,150000,3.056046133,0,,0,1
1345,,E99,6,458406.92,458406.92,0.951550688,0,,0,1
1346,,E99,8,436197.42,436197.42,0.762863292,0,,0,1
1347,,E99,11,332759,332759,0,0,,0,1
1348,,E99,12,9.48,0,#DIV/0!,0,,0,1
